text,category
Nepali Tea Tasting Workshop. Unleash your creativity with Nepali Tea Tasting. A dedicated space for exploring high-altitude tea varieties from Ilam.,Culinary Arts
Traditional Italian Pasta Crafting Class. Master Italian Pasta Crafting in this intensive masterclass. We focus on making fresh fettuccine and authentic sauces for all levels.,Culinary Arts
Mastering Italian Pasta Crafting. Discover the secrets of Italian Pasta Crafting. This interactive workshop covers making fresh fettuccine and authentic sauces and more.,Culinary Arts
The Art of THAI Curry Secrets. Learn the art of THAI Curry Secrets. Join our expert-led session to master crushing fresh paste and balancing coconut flavors.,Culinary Arts
The Art of Sourdough Bread. Learn the art of Sourdough Bread. Join our expert-led session to master fermentation techniques and scoring for perfect crust.,Culinary Arts
French Pastry Experience. Master French Pastry in this intensive masterclass. We focus on the delicate science of macarons and croissants for all levels.,Culinary Arts
Traditional Sushi Rolling Class. Traditional Sushi Rolling session. Connect with the roots of perfecting sushi rice and fresh fish preparation.,Culinary Arts
Nepali Tea Tasting Experience. Learn the art of Nepali Tea Tasting. Join our expert-led session to master exploring high-altitude tea varieties from Ilam.,Culinary Arts
Mastering Bara & Choila Prep. Unleash your creativity with Bara & Choila Prep. A dedicated space for smoking meat and lentils in the traditional way.,Culinary Arts
Mastering THAI Curry Secrets. Master THAI Curry Secrets in this intensive masterclass. We focus on crushing fresh paste and balancing coconut flavors for all levels.,Culinary Arts
Introduction to THAI Curry Secrets. Unleash your creativity with THAI Curry Secrets. A dedicated space for crushing fresh paste and balancing coconut flavors.,Culinary Arts
Cocktail Mixology Workshop. Unleash your creativity with Cocktail Mixology. A dedicated space for balanced drink design and advanced garnishing.,Culinary Arts
Nepali Tea Tasting Workshop. Practical Nepali Tea Tasting workshop. Hands-on learning focused on exploring high-altitude tea varieties from Ilam.,Culinary Arts
Introduction to Bara & Choila Prep. Master Bara & Choila Prep in this intensive masterclass. We focus on smoking meat and lentils in the traditional way for all levels.,Culinary Arts
Nepali Tea Tasting Experience. Master Nepali Tea Tasting in this intensive masterclass. We focus on exploring high-altitude tea varieties from Ilam for all levels.,Culinary Arts
Cocktail Mixology Experience. Learn the art of Cocktail Mixology. Join our expert-led session to master balanced drink design and advanced garnishing.,Culinary Arts
The Art of Newari Samay Baji. Traditional Newari Samay Baji session. Connect with the roots of preparing the iconic Newari feast from scratch.,Culinary Arts
Introduction to Bara & Choila Prep. Learn the art of Bara & Choila Prep. Join our expert-led session to master smoking meat and lentils in the traditional way.,Culinary Arts
Cocktail Mixology Workshop. Unleash your creativity with Cocktail Mixology. A dedicated space for balanced drink design and advanced garnishing.,Culinary Arts
Nepali Tea Tasting: Beginner to Pro. Traditional Nepali Tea Tasting session. Connect with the roots of exploring high-altitude tea varieties from Ilam.,Culinary Arts
Nepali Tea Tasting: Beginner to Pro. Unleash your creativity with Nepali Tea Tasting. A dedicated space for exploring high-altitude tea varieties from Ilam.,Culinary Arts
Bara & Choila Prep: Beginner to Pro. Discover the secrets of Bara & Choila Prep. This interactive workshop covers smoking meat and lentils in the traditional way and more.,Culinary Arts
Mastering Cocktail Mixology. Learn the art of Cocktail Mixology. Join our expert-led session to master balanced drink design and advanced garnishing.,Culinary Arts
Mastering Nepali Tea Tasting. Discover the secrets of Nepali Tea Tasting. This interactive workshop covers exploring high-altitude tea varieties from Ilam and more.,Culinary Arts
Momo Making Experience. Practical Momo Making workshop. Hands-on learning focused on traditional Nepali dumplings with spicy achar.,Culinary Arts
Introduction to French Pastry. Master French Pastry in this intensive masterclass. We focus on the delicate science of macarons and croissants for all levels.,Culinary Arts
Sushi Rolling Workshop. Master Sushi Rolling in this intensive masterclass. We focus on perfecting sushi rice and fresh fish preparation for all levels.,Culinary Arts
Introduction to THAI Curry Secrets. Discover the secrets of THAI Curry Secrets. This interactive workshop covers crushing fresh paste and balancing coconut flavors and more.,Culinary Arts
Sourdough Bread Experience. An immersive experience in Sourdough Bread. Perfect for those interested in fermentation techniques and scoring for perfect crust.,Culinary Arts
Traditional Cocktail Mixology Class. Unleash your creativity with Cocktail Mixology. A dedicated space for balanced drink design and advanced garnishing.,Culinary Arts
The Art of French Pastry. Learn the art of French Pastry. Join our expert-led session to master the delicate science of macarons and croissants.,Culinary Arts
Traditional Cocktail Mixology Class. Master Cocktail Mixology in this intensive masterclass. We focus on balanced drink design and advanced garnishing for all levels.,Culinary Arts
The Art of Cocktail Mixology. Learn the art of Cocktail Mixology. Join our expert-led session to master balanced drink design and advanced garnishing.,Culinary Arts
French Pastry: Beginner to Pro. Discover the secrets of French Pastry. This interactive workshop covers the delicate science of macarons and croissants and more.,Culinary Arts
Newari Samay Baji Workshop. Unleash your creativity with Newari Samay Baji. A dedicated space for preparing the iconic Newari feast from scratch.,Culinary Arts
Traditional Sourdough Bread Class. Traditional Sourdough Bread session. Connect with the roots of fermentation techniques and scoring for perfect crust.,Culinary Arts
Introduction to Bara & Choila Prep. Discover the secrets of Bara & Choila Prep. This interactive workshop covers smoking meat and lentils in the traditional way and more.,Culinary Arts
Mastering Cocktail Mixology. An immersive experience in Cocktail Mixology. Perfect for those interested in balanced drink design and advanced garnishing.,Culinary Arts
Bara & Choila Prep Experience. Traditional Bara & Choila Prep session. Connect with the roots of smoking meat and lentils in the traditional way.,Culinary Arts
Nepali Tea Tasting Workshop. Unleash your creativity with Nepali Tea Tasting. A dedicated space for exploring high-altitude tea varieties from Ilam.,Culinary Arts
Traditional Cocktail Mixology Class. Traditional Cocktail Mixology session. Connect with the roots of balanced drink design and advanced garnishing.,Culinary Arts
Traditional Bara & Choila Prep Class. Practical Bara & Choila Prep workshop. Hands-on learning focused on smoking meat and lentils in the traditional way.,Culinary Arts
Mastering Newari Samay Baji. Unleash your creativity with Newari Samay Baji. A dedicated space for preparing the iconic Newari feast from scratch.,Culinary Arts
Introduction to French Pastry. Practical French Pastry workshop. Hands-on learning focused on the delicate science of macarons and croissants.,Culinary Arts
Cocktail Mixology: Beginner to Pro. Learn the art of Cocktail Mixology. Join our expert-led session to master balanced drink design and advanced garnishing.,Culinary Arts
Newari Samay Baji Workshop. Traditional Newari Samay Baji session. Connect with the roots of preparing the iconic Newari feast from scratch.,Culinary Arts
Traditional Momo Making Class. An immersive experience in Momo Making. Perfect for those interested in traditional Nepali dumplings with spicy achar.,Culinary Arts
Introduction to French Pastry. Practical French Pastry workshop. Hands-on learning focused on the delicate science of macarons and croissants.,Culinary Arts
Italian Pasta Crafting: Beginner to Pro. Traditional Italian Pasta Crafting session. Connect with the roots of making fresh fettuccine and authentic sauces.,Culinary Arts
The Art of Sushi Rolling. Learn the art of Sushi Rolling. Join our expert-led session to master perfecting sushi rice and fresh fish preparation.,Culinary Arts
Introduction to Sourdough Bread. Discover the secrets of Sourdough Bread. This interactive workshop covers fermentation techniques and scoring for perfect crust and more.,Culinary Arts
Mastering Italian Pasta Crafting. Master Italian Pasta Crafting in this intensive masterclass. We focus on making fresh fettuccine and authentic sauces for all levels.,Culinary Arts
French Pastry: Beginner to Pro. Traditional French Pastry session. Connect with the roots of the delicate science of macarons and croissants.,Culinary Arts
Mastering Nepali Tea Tasting. Learn the art of Nepali Tea Tasting. Join our expert-led session to master exploring high-altitude tea varieties from Ilam.,Culinary Arts
Momo Making Workshop. Unleash your creativity with Momo Making. A dedicated space for traditional Nepali dumplings with spicy achar.,Culinary Arts
Mastering THAI Curry Secrets. Traditional THAI Curry Secrets session. Connect with the roots of crushing fresh paste and balancing coconut flavors.,Culinary Arts
Italian Pasta Crafting Workshop. Traditional Italian Pasta Crafting session. Connect with the roots of making fresh fettuccine and authentic sauces.,Culinary Arts
The Art of Nepali Tea Tasting. Learn the art of Nepali Tea Tasting. Join our expert-led session to master exploring high-altitude tea varieties from Ilam.,Culinary Arts
Traditional Newari Samay Baji Class. Unleash your creativity with Newari Samay Baji. A dedicated space for preparing the iconic Newari feast from scratch.,Culinary Arts
THAI Curry Secrets Experience. Learn the art of THAI Curry Secrets. Join our expert-led session to master crushing fresh paste and balancing coconut flavors.,Culinary Arts
Momo Making Workshop. Unleash your creativity with Momo Making. A dedicated space for traditional Nepali dumplings with spicy achar.,Culinary Arts
Introduction to Cocktail Mixology. Master Cocktail Mixology in this intensive masterclass. We focus on balanced drink design and advanced garnishing for all levels.,Culinary Arts
Traditional Momo Making Class. Master Momo Making in this intensive masterclass. We focus on traditional Nepali dumplings with spicy achar for all levels.,Culinary Arts
Traditional Momo Making Class. Unleash your creativity with Momo Making. A dedicated space for traditional Nepali dumplings with spicy achar.,Culinary Arts
THAI Curry Secrets Experience. Practical THAI Curry Secrets workshop. Hands-on learning focused on crushing fresh paste and balancing coconut flavors.,Culinary Arts
Introduction to French Pastry. Master French Pastry in this intensive masterclass. We focus on the delicate science of macarons and croissants for all levels.,Culinary Arts
Mastering Newari Samay Baji. Master Newari Samay Baji in this intensive masterclass. We focus on preparing the iconic Newari feast from scratch for all levels.,Culinary Arts
Introduction to Italian Pasta Crafting. An immersive experience in Italian Pasta Crafting. Perfect for those interested in making fresh fettuccine and authentic sauces.,Culinary Arts
The Art of Sushi Rolling. Master Sushi Rolling in this intensive masterclass. We focus on perfecting sushi rice and fresh fish preparation for all levels.,Culinary Arts
Sushi Rolling Workshop. Discover the secrets of Sushi Rolling. This interactive workshop covers perfecting sushi rice and fresh fish preparation and more.,Culinary Arts
Introduction to Italian Pasta Crafting. Practical Italian Pasta Crafting workshop. Hands-on learning focused on making fresh fettuccine and authentic sauces.,Culinary Arts
Traditional THAI Curry Secrets Class. Unleash your creativity with THAI Curry Secrets. A dedicated space for crushing fresh paste and balancing coconut flavors.,Culinary Arts
Nepali Tea Tasting: Beginner to Pro. Traditional Nepali Tea Tasting session. Connect with the roots of exploring high-altitude tea varieties from Ilam.,Culinary Arts
Cocktail Mixology: Beginner to Pro. Master Cocktail Mixology in this intensive masterclass. We focus on balanced drink design and advanced garnishing for all levels.,Culinary Arts
Introduction to Bara & Choila Prep. Unleash your creativity with Bara & Choila Prep. A dedicated space for smoking meat and lentils in the traditional way.,Culinary Arts
Sourdough Bread Experience. Traditional Sourdough Bread session. Connect with the roots of fermentation techniques and scoring for perfect crust.,Culinary Arts
Traditional Bara & Choila Prep Class. Learn the art of Bara & Choila Prep. Join our expert-led session to master smoking meat and lentils in the traditional way.,Culinary Arts
Introduction to Momo Making. Traditional Momo Making session. Connect with the roots of traditional Nepali dumplings with spicy achar.,Culinary Arts
Italian Pasta Crafting Workshop. Unleash your creativity with Italian Pasta Crafting. A dedicated space for making fresh fettuccine and authentic sauces.,Culinary Arts
Introduction to Nepali Tea Tasting. Discover the secrets of Nepali Tea Tasting. This interactive workshop covers exploring high-altitude tea varieties from Ilam and more.,Culinary Arts
Nepali Tea Tasting Workshop. Discover the secrets of Nepali Tea Tasting. This interactive workshop covers exploring high-altitude tea varieties from Ilam and more.,Culinary Arts
Introduction to THAI Curry Secrets. Master THAI Curry Secrets in this intensive masterclass. We focus on crushing fresh paste and balancing coconut flavors for all levels.,Culinary Arts
The Art of Momo Making. Master Momo Making in this intensive masterclass. We focus on traditional Nepali dumplings with spicy achar for all levels.,Culinary Arts
Traditional Nepali Tea Tasting Class. Traditional Nepali Tea Tasting session. Connect with the roots of exploring high-altitude tea varieties from Ilam.,Culinary Arts
The Art of Newari Samay Baji. Practical Newari Samay Baji workshop. Hands-on learning focused on preparing the iconic Newari feast from scratch.,Culinary Arts
The Art of French Pastry. Unleash your creativity with French Pastry. A dedicated space for the delicate science of macarons and croissants.,Culinary Arts
Bara & Choila Prep: Beginner to Pro. Traditional Bara & Choila Prep session. Connect with the roots of smoking meat and lentils in the traditional way.,Culinary Arts
Introduction to Cocktail Mixology. Traditional Cocktail Mixology session. Connect with the roots of balanced drink design and advanced garnishing.,Culinary Arts
Italian Pasta Crafting: Beginner to Pro. Traditional Italian Pasta Crafting session. Connect with the roots of making fresh fettuccine and authentic sauces.,Culinary Arts
Mastering Italian Pasta Crafting. Practical Italian Pasta Crafting workshop. Hands-on learning focused on making fresh fettuccine and authentic sauces.,Culinary Arts
Mastering Sushi Rolling. Traditional Sushi Rolling session. Connect with the roots of perfecting sushi rice and fresh fish preparation.,Culinary Arts
Nepali Tea Tasting: Beginner to Pro. An immersive experience in Nepali Tea Tasting. Perfect for those interested in exploring high-altitude tea varieties from Ilam.,Culinary Arts
French Pastry Experience. Master French Pastry in this intensive masterclass. We focus on the delicate science of macarons and croissants for all levels.,Culinary Arts
Sushi Rolling Experience. Unleash your creativity with Sushi Rolling. A dedicated space for perfecting sushi rice and fresh fish preparation.,Culinary Arts
The Art of Sushi Rolling. Practical Sushi Rolling workshop. Hands-on learning focused on perfecting sushi rice and fresh fish preparation.,Culinary Arts
Traditional French Pastry Class. Unleash your creativity with French Pastry. A dedicated space for the delicate science of macarons and croissants.,Culinary Arts
Nepali Tea Tasting Experience. Practical Nepali Tea Tasting workshop. Hands-on learning focused on exploring high-altitude tea varieties from Ilam.,Culinary Arts
The Art of THAI Curry Secrets. Traditional THAI Curry Secrets session. Connect with the roots of crushing fresh paste and balancing coconut flavors.,Culinary Arts
Traditional Sourdough Bread Class. Traditional Sourdough Bread session. Connect with the roots of fermentation techniques and scoring for perfect crust.,Culinary Arts
The Art of Momo Making. Practical Momo Making workshop. Hands-on learning focused on traditional Nepali dumplings with spicy achar.,Culinary Arts
Italian Pasta Crafting: Beginner to Pro. Practical Italian Pasta Crafting workshop. Hands-on learning focused on making fresh fettuccine and authentic sauces.,Culinary Arts
The Art of Newari Samay Baji. Unleash your creativity with Newari Samay Baji. A dedicated space for preparing the iconic Newari feast from scratch.,Culinary Arts
Mastering Italian Pasta Crafting. Master Italian Pasta Crafting in this intensive masterclass. We focus on making fresh fettuccine and authentic sauces for all levels.,Culinary Arts
Mastering Cocktail Mixology. Discover the secrets of Cocktail Mixology. This interactive workshop covers balanced drink design and advanced garnishing and more.,Culinary Arts
Sushi Rolling Workshop. Practical Sushi Rolling workshop. Hands-on learning focused on perfecting sushi rice and fresh fish preparation.,Culinary Arts
Mastering Sourdough Bread. Discover the secrets of Sourdough Bread. This interactive workshop covers fermentation techniques and scoring for perfect crust and more.,Culinary Arts
The Art of Nepali Tea Tasting. An immersive experience in Nepali Tea Tasting. Perfect for those interested in exploring high-altitude tea varieties from Ilam.,Culinary Arts
Mastering Nepali Tea Tasting. Master Nepali Tea Tasting in this intensive masterclass. We focus on exploring high-altitude tea varieties from Ilam for all levels.,Culinary Arts
Traditional Cocktail Mixology Class. An immersive experience in Cocktail Mixology. Perfect for those interested in balanced drink design and advanced garnishing.,Culinary Arts
Nepali Tea Tasting Experience. Traditional Nepali Tea Tasting session. Connect with the roots of exploring high-altitude tea varieties from Ilam.,Culinary Arts
Traditional Cocktail Mixology Class. Unleash your creativity with Cocktail Mixology. A dedicated space for balanced drink design and advanced garnishing.,Culinary Arts
Traditional Italian Pasta Crafting Class. Practical Italian Pasta Crafting workshop. Hands-on learning focused on making fresh fettuccine and authentic sauces.,Culinary Arts
The Art of Cocktail Mixology. Master Cocktail Mixology in this intensive masterclass. We focus on balanced drink design and advanced garnishing for all levels.,Culinary Arts
Introduction to Newari Samay Baji. Master Newari Samay Baji in this intensive masterclass. We focus on preparing the iconic Newari feast from scratch for all levels.,Culinary Arts
Momo Making Workshop. Traditional Momo Making session. Connect with the roots of traditional Nepali dumplings with spicy achar.,Culinary Arts
Nepali Tea Tasting: Beginner to Pro. Traditional Nepali Tea Tasting session. Connect with the roots of exploring high-altitude tea varieties from Ilam.,Culinary Arts
Bara & Choila Prep Workshop. Discover the secrets of Bara & Choila Prep. This interactive workshop covers smoking meat and lentils in the traditional way and more.,Culinary Arts
Traditional Cocktail Mixology Class. Practical Cocktail Mixology workshop. Hands-on learning focused on balanced drink design and advanced garnishing.,Culinary Arts
Bara & Choila Prep Workshop. Traditional Bara & Choila Prep session. Connect with the roots of smoking meat and lentils in the traditional way.,Culinary Arts
The Art of Momo Making. Learn the art of Momo Making. Join our expert-led session to master traditional Nepali dumplings with spicy achar.,Culinary Arts
Traditional Sourdough Bread Class. Master Sourdough Bread in this intensive masterclass. We focus on fermentation techniques and scoring for perfect crust for all levels.,Culinary Arts
THAI Curry Secrets Workshop. Master THAI Curry Secrets in this intensive masterclass. We focus on crushing fresh paste and balancing coconut flavors for all levels.,Culinary Arts
Bara & Choila Prep: Beginner to Pro. Discover the secrets of Bara & Choila Prep. This interactive workshop covers smoking meat and lentils in the traditional way and more.,Culinary Arts
Momo Making: Beginner to Pro. Unleash your creativity with Momo Making. A dedicated space for traditional Nepali dumplings with spicy achar.,Culinary Arts
THAI Curry Secrets Experience. Learn the art of THAI Curry Secrets. Join our expert-led session to master crushing fresh paste and balancing coconut flavors.,Culinary Arts
Mastering Italian Pasta Crafting. Traditional Italian Pasta Crafting session. Connect with the roots of making fresh fettuccine and authentic sauces.,Culinary Arts
Sourdough Bread: Beginner to Pro. Discover the secrets of Sourdough Bread. This interactive workshop covers fermentation techniques and scoring for perfect crust and more.,Culinary Arts
Introduction to Newari Samay Baji. Master Newari Samay Baji in this intensive masterclass. We focus on preparing the iconic Newari feast from scratch for all levels.,Culinary Arts
French Pastry: Beginner to Pro. Unleash your creativity with French Pastry. A dedicated space for the delicate science of macarons and croissants.,Culinary Arts
The Art of Newari Samay Baji. Practical Newari Samay Baji workshop. Hands-on learning focused on preparing the iconic Newari feast from scratch.,Culinary Arts
Mastering Sushi Rolling. Unleash your creativity with Sushi Rolling. A dedicated space for perfecting sushi rice and fresh fish preparation.,Culinary Arts
Mastering Cocktail Mixology. Master Cocktail Mixology in this intensive masterclass. We focus on balanced drink design and advanced garnishing for all levels.,Culinary Arts
Sushi Rolling Workshop. Master Sushi Rolling in this intensive masterclass. We focus on perfecting sushi rice and fresh fish preparation for all levels.,Culinary Arts
Nepali Tea Tasting Experience. Discover the secrets of Nepali Tea Tasting. This interactive workshop covers exploring high-altitude tea varieties from Ilam and more.,Culinary Arts
Momo Making Workshop. Practical Momo Making workshop. Hands-on learning focused on traditional Nepali dumplings with spicy achar.,Culinary Arts
Bara & Choila Prep: Beginner to Pro. Traditional Bara & Choila Prep session. Connect with the roots of smoking meat and lentils in the traditional way.,Culinary Arts
Newari Samay Baji: Beginner to Pro. Discover the secrets of Newari Samay Baji. This interactive workshop covers preparing the iconic Newari feast from scratch and more.,Culinary Arts
French Pastry Experience. Learn the art of French Pastry. Join our expert-led session to master the delicate science of macarons and croissants.,Culinary Arts
Nepali Tea Tasting Experience. Unleash your creativity with Nepali Tea Tasting. A dedicated space for exploring high-altitude tea varieties from Ilam.,Culinary Arts
Mastering Sourdough Bread. Master Sourdough Bread in this intensive masterclass. We focus on fermentation techniques and scoring for perfect crust for all levels.,Culinary Arts
Mastering Momo Making. Master Momo Making in this intensive masterclass. We focus on traditional Nepali dumplings with spicy achar for all levels.,Culinary Arts
Italian Pasta Crafting: Beginner to Pro. Practical Italian Pasta Crafting workshop. Hands-on learning focused on making fresh fettuccine and authentic sauces.,Culinary Arts
Sourdough Bread: Beginner to Pro. Master Sourdough Bread in this intensive masterclass. We focus on fermentation techniques and scoring for perfect crust for all levels.,Culinary Arts
Introduction to Newari Samay Baji. Practical Newari Samay Baji workshop. Hands-on learning focused on preparing the iconic Newari feast from scratch.,Culinary Arts
Traditional Newari Samay Baji Class. Unleash your creativity with Newari Samay Baji. A dedicated space for preparing the iconic Newari feast from scratch.,Culinary Arts
Mastering Momo Making. Traditional Momo Making session. Connect with the roots of traditional Nepali dumplings with spicy achar.,Culinary Arts
Nepali Tea Tasting Experience. Unleash your creativity with Nepali Tea Tasting. A dedicated space for exploring high-altitude tea varieties from Ilam.,Culinary Arts
Mastering Bara & Choila Prep. Learn the art of Bara & Choila Prep. Join our expert-led session to master smoking meat and lentils in the traditional way.,Culinary Arts
Introduction to Italian Pasta Crafting. Traditional Italian Pasta Crafting session. Connect with the roots of making fresh fettuccine and authentic sauces.,Culinary Arts
Traditional Italian Pasta Crafting Class. An immersive experience in Italian Pasta Crafting. Perfect for those interested in making fresh fettuccine and authentic sauces.,Culinary Arts
Introduction to Nepali Tea Tasting. Master Nepali Tea Tasting in this intensive masterclass. We focus on exploring high-altitude tea varieties from Ilam for all levels.,Culinary Arts
Mastering Italian Pasta Crafting. An immersive experience in Italian Pasta Crafting. Perfect for those interested in making fresh fettuccine and authentic sauces.,Culinary Arts
The Art of Momo Making. Traditional Momo Making session. Connect with the roots of traditional Nepali dumplings with spicy achar.,Culinary Arts
Sushi Rolling Experience. Discover the secrets of Sushi Rolling. This interactive workshop covers perfecting sushi rice and fresh fish preparation and more.,Culinary Arts
Traditional Newari Samay Baji Class. Learn the art of Newari Samay Baji. Join our expert-led session to master preparing the iconic Newari feast from scratch.,Culinary Arts
Traditional Momo Making Class. Learn the art of Momo Making. Join our expert-led session to master traditional Nepali dumplings with spicy achar.,Culinary Arts
Sourdough Bread Experience. Discover the secrets of Sourdough Bread. This interactive workshop covers fermentation techniques and scoring for perfect crust and more.,Culinary Arts
Introduction to Cocktail Mixology. Learn the art of Cocktail Mixology. Join our expert-led session to master balanced drink design and advanced garnishing.,Culinary Arts
Introduction to French Pastry. Traditional French Pastry session. Connect with the roots of the delicate science of macarons and croissants.,Culinary Arts
Mastering THAI Curry Secrets. Unleash your creativity with THAI Curry Secrets. A dedicated space for crushing fresh paste and balancing coconut flavors.,Culinary Arts
Introduction to Sourdough Bread. Traditional Sourdough Bread session. Connect with the roots of fermentation techniques and scoring for perfect crust.,Culinary Arts
Mastering Newari Samay Baji. Practical Newari Samay Baji workshop. Hands-on learning focused on preparing the iconic Newari feast from scratch.,Culinary Arts
The Art of French Pastry. Unleash your creativity with French Pastry. A dedicated space for the delicate science of macarons and croissants.,Culinary Arts
Introduction to THAI Curry Secrets. Learn the art of THAI Curry Secrets. Join our expert-led session to master crushing fresh paste and balancing coconut flavors.,Culinary Arts
Mastering Sushi Rolling. Learn the art of Sushi Rolling. Join our expert-led session to master perfecting sushi rice and fresh fish preparation.,Culinary Arts
French Pastry Experience. An immersive experience in French Pastry. Perfect for those interested in the delicate science of macarons and croissants.,Culinary Arts
The Art of Nepali Tea Tasting. Discover the secrets of Nepali Tea Tasting. This interactive workshop covers exploring high-altitude tea varieties from Ilam and more.,Culinary Arts
Introduction to French Pastry. Learn the art of French Pastry. Join our expert-led session to master the delicate science of macarons and croissants.,Culinary Arts
Traditional THAI Curry Secrets Class. Practical THAI Curry Secrets workshop. Hands-on learning focused on crushing fresh paste and balancing coconut flavors.,Culinary Arts
THAI Curry Secrets Experience. Master THAI Curry Secrets in this intensive masterclass. We focus on crushing fresh paste and balancing coconut flavors for all levels.,Culinary Arts
Newari Samay Baji: Beginner to Pro. Unleash your creativity with Newari Samay Baji. A dedicated space for preparing the iconic Newari feast from scratch.,Culinary Arts
Sushi Rolling: Beginner to Pro. An immersive experience in Sushi Rolling. Perfect for those interested in perfecting sushi rice and fresh fish preparation.,Culinary Arts
THAI Curry Secrets: Beginner to Pro. Unleash your creativity with THAI Curry Secrets. A dedicated space for crushing fresh paste and balancing coconut flavors.,Culinary Arts
The Art of Newari Samay Baji. Traditional Newari Samay Baji session. Connect with the roots of preparing the iconic Newari feast from scratch.,Culinary Arts
Introduction to French Pastry. Learn the art of French Pastry. Join our expert-led session to master the delicate science of macarons and croissants.,Culinary Arts
Traditional THAI Curry Secrets Class. Unleash your creativity with THAI Curry Secrets. A dedicated space for crushing fresh paste and balancing coconut flavors.,Culinary Arts
The Art of French Pastry. Learn the art of French Pastry. Join our expert-led session to master the delicate science of macarons and croissants.,Culinary Arts
Introduction to Momo Making. Discover the secrets of Momo Making. This interactive workshop covers traditional Nepali dumplings with spicy achar and more.,Culinary Arts
Introduction to Bara & Choila Prep. Practical Bara & Choila Prep workshop. Hands-on learning focused on smoking meat and lentils in the traditional way.,Culinary Arts
French Pastry Workshop. Discover the secrets of French Pastry. This interactive workshop covers the delicate science of macarons and croissants and more.,Culinary Arts
Traditional Sourdough Bread Class. An immersive experience in Sourdough Bread. Perfect for those interested in fermentation techniques and scoring for perfect crust.,Culinary Arts
Bara & Choila Prep Experience. Traditional Bara & Choila Prep session. Connect with the roots of smoking meat and lentils in the traditional way.,Culinary Arts
Newari Samay Baji: Beginner to Pro. Learn the art of Newari Samay Baji. Join our expert-led session to master preparing the iconic Newari feast from scratch.,Culinary Arts
French Pastry Workshop. Unleash your creativity with French Pastry. A dedicated space for the delicate science of macarons and croissants.,Culinary Arts
The Art of Sushi Rolling. Practical Sushi Rolling workshop. Hands-on learning focused on perfecting sushi rice and fresh fish preparation.,Culinary Arts
Traditional Newari Samay Baji Class. Master Newari Samay Baji in this intensive masterclass. We focus on preparing the iconic Newari feast from scratch for all levels.,Culinary Arts
The Art of French Pastry. Practical French Pastry workshop. Hands-on learning focused on the delicate science of macarons and croissants.,Culinary Arts
Mastering Newari Samay Baji. Master Newari Samay Baji in this intensive masterclass. We focus on preparing the iconic Newari feast from scratch for all levels.,Culinary Arts
Nepali Tea Tasting: Beginner to Pro. An immersive experience in Nepali Tea Tasting. Perfect for those interested in exploring high-altitude tea varieties from Ilam.,Culinary Arts
Italian Pasta Crafting Experience. Master Italian Pasta Crafting in this intensive masterclass. We focus on making fresh fettuccine and authentic sauces for all levels.,Culinary Arts
Mastering Momo Making. An immersive experience in Momo Making. Perfect for those interested in traditional Nepali dumplings with spicy achar.,Culinary Arts
Newari Samay Baji Experience. Practical Newari Samay Baji workshop. Hands-on learning focused on preparing the iconic Newari feast from scratch.,Culinary Arts
Nepali Tea Tasting Experience. Learn the art of Nepali Tea Tasting. Join our expert-led session to master exploring high-altitude tea varieties from Ilam.,Culinary Arts
Mastering Momo Making. Traditional Momo Making session. Connect with the roots of traditional Nepali dumplings with spicy achar.,Culinary Arts
Newari Samay Baji Experience. Master Newari Samay Baji in this intensive masterclass. We focus on preparing the iconic Newari feast from scratch for all levels.,Culinary Arts
Traditional Bara & Choila Prep Class. Practical Bara & Choila Prep workshop. Hands-on learning focused on smoking meat and lentils in the traditional way.,Culinary Arts
Mastering Sourdough Bread. Unleash your creativity with Sourdough Bread. A dedicated space for fermentation techniques and scoring for perfect crust.,Culinary Arts
Sourdough Bread: Beginner to Pro. An immersive experience in Sourdough Bread. Perfect for those interested in fermentation techniques and scoring for perfect crust.,Culinary Arts
Bara & Choila Prep: Beginner to Pro. Master Bara & Choila Prep in this intensive masterclass. We focus on smoking meat and lentils in the traditional way for all levels.,Culinary Arts
Traditional Italian Pasta Crafting Class. Unleash your creativity with Italian Pasta Crafting. A dedicated space for making fresh fettuccine and authentic sauces.,Culinary Arts
Bara & Choila Prep Workshop. Learn the art of Bara & Choila Prep. Join our expert-led session to master smoking meat and lentils in the traditional way.,Culinary Arts
The Art of Nepali Tea Tasting. Discover the secrets of Nepali Tea Tasting. This interactive workshop covers exploring high-altitude tea varieties from Ilam and more.,Culinary Arts
Mastering Sushi Rolling. Master Sushi Rolling in this intensive masterclass. We focus on perfecting sushi rice and fresh fish preparation for all levels.,Culinary Arts
Cocktail Mixology Workshop. Master Cocktail Mixology in this intensive masterclass. We focus on balanced drink design and advanced garnishing for all levels.,Culinary Arts
Newari Samay Baji Experience. Practical Newari Samay Baji workshop. Hands-on learning focused on preparing the iconic Newari feast from scratch.,Culinary Arts
Cocktail Mixology Experience. Unleash your creativity with Cocktail Mixology. A dedicated space for balanced drink design and advanced garnishing.,Culinary Arts
Bara & Choila Prep Workshop. Practical Bara & Choila Prep workshop. Hands-on learning focused on smoking meat and lentils in the traditional way.,Culinary Arts
Mastering French Pastry. Learn the art of French Pastry. Join our expert-led session to master the delicate science of macarons and croissants.,Culinary Arts
Mastering Bara & Choila Prep. Traditional Bara & Choila Prep session. Connect with the roots of smoking meat and lentils in the traditional way.,Culinary Arts
Mastering Italian Pasta Crafting. Traditional Italian Pasta Crafting session. Connect with the roots of making fresh fettuccine and authentic sauces.,Culinary Arts
Sushi Rolling: Beginner to Pro. Traditional Sushi Rolling session. Connect with the roots of perfecting sushi rice and fresh fish preparation.,Culinary Arts
The Art of THAI Curry Secrets. Master THAI Curry Secrets in this intensive masterclass. We focus on crushing fresh paste and balancing coconut flavors for all levels.,Culinary Arts
Nepali Tea Tasting: Beginner to Pro. Master Nepali Tea Tasting in this intensive masterclass. We focus on exploring high-altitude tea varieties from Ilam for all levels.,Culinary Arts
Traditional Sourdough Bread Class. Unleash your creativity with Sourdough Bread. A dedicated space for fermentation techniques and scoring for perfect crust.,Culinary Arts
Introduction to Sushi Rolling. Traditional Sushi Rolling session. Connect with the roots of perfecting sushi rice and fresh fish preparation.,Culinary Arts
Traditional Nepali Tea Tasting Class. Discover the secrets of Nepali Tea Tasting. This interactive workshop covers exploring high-altitude tea varieties from Ilam and more.,Culinary Arts
THAI Curry Secrets Experience. Practical THAI Curry Secrets workshop. Hands-on learning focused on crushing fresh paste and balancing coconut flavors.,Culinary Arts
Cocktail Mixology Experience. Traditional Cocktail Mixology session. Connect with the roots of balanced drink design and advanced garnishing.,Culinary Arts
The Art of Nepali Tea Tasting. Master Nepali Tea Tasting in this intensive masterclass. We focus on exploring high-altitude tea varieties from Ilam for all levels.,Culinary Arts
Mastering Newari Samay Baji. Learn the art of Newari Samay Baji. Join our expert-led session to master preparing the iconic Newari feast from scratch.,Culinary Arts
Sourdough Bread: Beginner to Pro. Practical Sourdough Bread workshop. Hands-on learning focused on fermentation techniques and scoring for perfect crust.,Culinary Arts
The Art of Sourdough Bread. Discover the secrets of Sourdough Bread. This interactive workshop covers fermentation techniques and scoring for perfect crust and more.,Culinary Arts
The Art of Italian Pasta Crafting. Traditional Italian Pasta Crafting session. Connect with the roots of making fresh fettuccine and authentic sauces.,Culinary Arts
The Art of French Pastry. An immersive experience in French Pastry. Perfect for those interested in the delicate science of macarons and croissants.,Culinary Arts
French Pastry Experience. Discover the secrets of French Pastry. This interactive workshop covers the delicate science of macarons and croissants and more.,Culinary Arts
The Art of French Pastry. An immersive experience in French Pastry. Perfect for those interested in the delicate science of macarons and croissants.,Culinary Arts
Mastering Bara & Choila Prep. Master Bara & Choila Prep in this intensive masterclass. We focus on smoking meat and lentils in the traditional way for all levels.,Culinary Arts
The Art of Newari Samay Baji. An immersive experience in Newari Samay Baji. Perfect for those interested in preparing the iconic Newari feast from scratch.,Culinary Arts
Mastering Newari Samay Baji. Practical Newari Samay Baji workshop. Hands-on learning focused on preparing the iconic Newari feast from scratch.,Culinary Arts
Bara & Choila Prep Workshop. Master Bara & Choila Prep in this intensive masterclass. We focus on smoking meat and lentils in the traditional way for all levels.,Culinary Arts
Mastering Nepali Tea Tasting. An immersive experience in Nepali Tea Tasting. Perfect for those interested in exploring high-altitude tea varieties from Ilam.,Culinary Arts
Newari Samay Baji Workshop. Practical Newari Samay Baji workshop. Hands-on learning focused on preparing the iconic Newari feast from scratch.,Culinary Arts
Momo Making Experience. Traditional Momo Making session. Connect with the roots of traditional Nepali dumplings with spicy achar.,Culinary Arts
The Art of French Pastry. An immersive experience in French Pastry. Perfect for those interested in the delicate science of macarons and croissants.,Culinary Arts
Mastering Newari Samay Baji. Discover the secrets of Newari Samay Baji. This interactive workshop covers preparing the iconic Newari feast from scratch and more.,Culinary Arts
Mastering French Pastry. Unleash your creativity with French Pastry. A dedicated space for the delicate science of macarons and croissants.,Culinary Arts
Italian Pasta Crafting: Beginner to Pro. An immersive experience in Italian Pasta Crafting. Perfect for those interested in making fresh fettuccine and authentic sauces.,Culinary Arts
Cocktail Mixology Experience. Unleash your creativity with Cocktail Mixology. A dedicated space for balanced drink design and advanced garnishing.,Culinary Arts
The Art of Sourdough Bread. Master Sourdough Bread in this intensive masterclass. We focus on fermentation techniques and scoring for perfect crust for all levels.,Culinary Arts
Traditional Sourdough Bread Class. Learn the art of Sourdough Bread. Join our expert-led session to master fermentation techniques and scoring for perfect crust.,Culinary Arts
Mastering Cocktail Mixology. Master Cocktail Mixology in this intensive masterclass. We focus on balanced drink design and advanced garnishing for all levels.,Culinary Arts
Bara & Choila Prep: Beginner to Pro. Discover the secrets of Bara & Choila Prep. This interactive workshop covers smoking meat and lentils in the traditional way and more.,Culinary Arts
The Art of Bara & Choila Prep. Practical Bara & Choila Prep workshop. Hands-on learning focused on smoking meat and lentils in the traditional way.,Culinary Arts
Introduction to Sushi Rolling. Unleash your creativity with Sushi Rolling. A dedicated space for perfecting sushi rice and fresh fish preparation.,Culinary Arts
Traditional Sushi Rolling Class. Discover the secrets of Sushi Rolling. This interactive workshop covers perfecting sushi rice and fresh fish preparation and more.,Culinary Arts
Sushi Rolling Experience. Master Sushi Rolling in this intensive masterclass. We focus on perfecting sushi rice and fresh fish preparation for all levels.,Culinary Arts
Sushi Rolling: Beginner to Pro. Unleash your creativity with Sushi Rolling. A dedicated space for perfecting sushi rice and fresh fish preparation.,Culinary Arts
Introduction to Italian Pasta Crafting. Unleash your creativity with Italian Pasta Crafting. A dedicated space for making fresh fettuccine and authentic sauces.,Culinary Arts
Traditional Momo Making Class. Practical Momo Making workshop. Hands-on learning focused on traditional Nepali dumplings with spicy achar.,Culinary Arts
Introduction to Cocktail Mixology. Traditional Cocktail Mixology session. Connect with the roots of balanced drink design and advanced garnishing.,Culinary Arts
Introduction to Sourdough Bread. Traditional Sourdough Bread session. Connect with the roots of fermentation techniques and scoring for perfect crust.,Culinary Arts
Bara & Choila Prep: Beginner to Pro. An immersive experience in Bara & Choila Prep. Perfect for those interested in smoking meat and lentils in the traditional way.,Culinary Arts
Cocktail Mixology Workshop. Discover the secrets of Cocktail Mixology. This interactive workshop covers balanced drink design and advanced garnishing and more.,Culinary Arts
Newari Samay Baji Experience. An immersive experience in Newari Samay Baji. Perfect for those interested in preparing the iconic Newari feast from scratch.,Culinary Arts
Cocktail Mixology Experience. Traditional Cocktail Mixology session. Connect with the roots of balanced drink design and advanced garnishing.,Culinary Arts
Newari Samay Baji: Beginner to Pro. Practical Newari Samay Baji workshop. Hands-on learning focused on preparing the iconic Newari feast from scratch.,Culinary Arts
Newari Samay Baji Workshop. Learn the art of Newari Samay Baji. Join our expert-led session to master preparing the iconic Newari feast from scratch.,Culinary Arts
THAI Curry Secrets: Beginner to Pro. Master THAI Curry Secrets in this intensive masterclass. We focus on crushing fresh paste and balancing coconut flavors for all levels.,Culinary Arts
The Art of Sourdough Bread. Unleash your creativity with Sourdough Bread. A dedicated space for fermentation techniques and scoring for perfect crust.,Culinary Arts
THAI Curry Secrets Workshop. Learn the art of THAI Curry Secrets. Join our expert-led session to master crushing fresh paste and balancing coconut flavors.,Culinary Arts
Mastering Newari Samay Baji. Learn the art of Newari Samay Baji. Join our expert-led session to master preparing the iconic Newari feast from scratch.,Culinary Arts
Momo Making Experience. Traditional Momo Making session. Connect with the roots of traditional Nepali dumplings with spicy achar.,Culinary Arts
Mastering Sourdough Bread. Discover the secrets of Sourdough Bread. This interactive workshop covers fermentation techniques and scoring for perfect crust and more.,Culinary Arts
Mastering Bara & Choila Prep. Learn the art of Bara & Choila Prep. Join our expert-led session to master smoking meat and lentils in the traditional way.,Culinary Arts
Cocktail Mixology: Beginner to Pro. An immersive experience in Cocktail Mixology. Perfect for those interested in balanced drink design and advanced garnishing.,Culinary Arts
The Art of Sushi Rolling. An immersive experience in Sushi Rolling. Perfect for those interested in perfecting sushi rice and fresh fish preparation.,Culinary Arts
The Art of Cocktail Mixology. An immersive experience in Cocktail Mixology. Perfect for those interested in balanced drink design and advanced garnishing.,Culinary Arts
Traditional Cocktail Mixology Class. Unleash your creativity with Cocktail Mixology. A dedicated space for balanced drink design and advanced garnishing.,Culinary Arts
Traditional French Pastry Class. Unleash your creativity with French Pastry. A dedicated space for the delicate science of macarons and croissants.,Culinary Arts
Traditional Bara & Choila Prep Class. Practical Bara & Choila Prep workshop. Hands-on learning focused on smoking meat and lentils in the traditional way.,Culinary Arts
Cocktail Mixology: Beginner to Pro. An immersive experience in Cocktail Mixology. Perfect for those interested in balanced drink design and advanced garnishing.,Culinary Arts
Mastering French Pastry. Unleash your creativity with French Pastry. A dedicated space for the delicate science of macarons and croissants.,Culinary Arts
Bara & Choila Prep Workshop. An immersive experience in Bara & Choila Prep. Perfect for those interested in smoking meat and lentils in the traditional way.,Culinary Arts
Cocktail Mixology Workshop. Discover the secrets of Cocktail Mixology. This interactive workshop covers balanced drink design and advanced garnishing and more.,Culinary Arts
Cocktail Mixology Experience. An immersive experience in Cocktail Mixology. Perfect for those interested in balanced drink design and advanced garnishing.,Culinary Arts
Traditional Cocktail Mixology Class. Discover the secrets of Cocktail Mixology. This interactive workshop covers balanced drink design and advanced garnishing and more.,Culinary Arts
Traditional Momo Making Class. Discover the secrets of Momo Making. This interactive workshop covers traditional Nepali dumplings with spicy achar and more.,Culinary Arts
Nepali Tea Tasting: Beginner to Pro. Traditional Nepali Tea Tasting session. Connect with the roots of exploring high-altitude tea varieties from Ilam.,Culinary Arts
The Art of Sushi Rolling. Learn the art of Sushi Rolling. Join our expert-led session to master perfecting sushi rice and fresh fish preparation.,Culinary Arts
Traditional Bara & Choila Prep Class. Traditional Bara & Choila Prep session. Connect with the roots of smoking meat and lentils in the traditional way.,Culinary Arts
The Art of Cocktail Mixology. Discover the secrets of Cocktail Mixology. This interactive workshop covers balanced drink design and advanced garnishing and more.,Culinary Arts
Italian Pasta Crafting: Beginner to Pro. Discover the secrets of Italian Pasta Crafting. This interactive workshop covers making fresh fettuccine and authentic sauces and more.,Culinary Arts
Sushi Rolling: Beginner to Pro. Practical Sushi Rolling workshop. Hands-on learning focused on perfecting sushi rice and fresh fish preparation.,Culinary Arts
Traditional THAI Curry Secrets Class. Unleash your creativity with THAI Curry Secrets. A dedicated space for crushing fresh paste and balancing coconut flavors.,Culinary Arts
Momo Making: Beginner to Pro. Practical Momo Making workshop. Hands-on learning focused on traditional Nepali dumplings with spicy achar.,Culinary Arts
Mastering THAI Curry Secrets. Traditional THAI Curry Secrets session. Connect with the roots of crushing fresh paste and balancing coconut flavors.,Culinary Arts
The Art of Bara & Choila Prep. Master Bara & Choila Prep in this intensive masterclass. We focus on smoking meat and lentils in the traditional way for all levels.,Culinary Arts
Traditional Cocktail Mixology Class. Traditional Cocktail Mixology session. Connect with the roots of balanced drink design and advanced garnishing.,Culinary Arts
Traditional Sourdough Bread Class. Master Sourdough Bread in this intensive masterclass. We focus on fermentation techniques and scoring for perfect crust for all levels.,Culinary Arts
Cocktail Mixology: Beginner to Pro. Learn the art of Cocktail Mixology. Join our expert-led session to master balanced drink design and advanced garnishing.,Culinary Arts
Italian Pasta Crafting Workshop. Unleash your creativity with Italian Pasta Crafting. A dedicated space for making fresh fettuccine and authentic sauces.,Culinary Arts
Newari Samay Baji Experience. Discover the secrets of Newari Samay Baji. This interactive workshop covers preparing the iconic Newari feast from scratch and more.,Culinary Arts
Italian Pasta Crafting: Beginner to Pro. An immersive experience in Italian Pasta Crafting. Perfect for those interested in making fresh fettuccine and authentic sauces.,Culinary Arts
Sourdough Bread: Beginner to Pro. Discover the secrets of Sourdough Bread. This interactive workshop covers fermentation techniques and scoring for perfect crust and more.,Culinary Arts
Traditional THAI Curry Secrets Class. Practical THAI Curry Secrets workshop. Hands-on learning focused on crushing fresh paste and balancing coconut flavors.,Culinary Arts
Newari Samay Baji Workshop. Learn the art of Newari Samay Baji. Join our expert-led session to master preparing the iconic Newari feast from scratch.,Culinary Arts
Bara & Choila Prep Experience. Discover the secrets of Bara & Choila Prep. This interactive workshop covers smoking meat and lentils in the traditional way and more.,Culinary Arts
Italian Pasta Crafting: Beginner to Pro. Discover the secrets of Italian Pasta Crafting. This interactive workshop covers making fresh fettuccine and authentic sauces and more.,Culinary Arts
Sourdough Bread Workshop. Unleash your creativity with Sourdough Bread. A dedicated space for fermentation techniques and scoring for perfect crust.,Culinary Arts
Introduction to Sourdough Bread. Learn the art of Sourdough Bread. Join our expert-led session to master fermentation techniques and scoring for perfect crust.,Culinary Arts
The Art of Leather Crafting. An immersive experience in Leather Crafting. Perfect for those interested in hand-stitching wallets and durable accessories.,Traditional Crafts
Wood Carving: Beginner to Pro. Traditional Wood Carving session. Connect with the roots of classic Newari windows and floral patterns.,Traditional Crafts
Traditional Macrame Decor Class. Traditional Macrame Decor session. Connect with the roots of creative knots for wall hangings and plant holders.,Traditional Crafts
Knitting & Crochet: Beginner to Pro. Practical Knitting & Crochet workshop. Hands-on learning focused on modern patterns using sustainable Himalayan wool.,Traditional Crafts
Mastering Jewelry Making. An immersive experience in Jewelry Making. Perfect for those interested in silver smithing and stone setting basics.,Traditional Crafts
Introduction to Jewelry Making. An immersive experience in Jewelry Making. Perfect for those interested in silver smithing and stone setting basics.,Traditional Crafts
Copper Smithing: Beginner to Pro. Master Copper Smithing in this intensive masterclass. We focus on hammering techniques for traditional vessels for all levels.,Traditional Crafts
Mastering Leather Crafting. An immersive experience in Leather Crafting. Perfect for those interested in hand-stitching wallets and durable accessories.,Traditional Crafts
Copper Smithing Workshop. Traditional Copper Smithing session. Connect with the roots of hammering techniques for traditional vessels.,Traditional Crafts
Mithila Painting Workshop. Traditional Mithila Painting session. Connect with the roots of the ancient Madhubani art styles from Janakpur.,Traditional Crafts
Mastering Dhaka Weaving. Practical Dhaka Weaving workshop. Hands-on learning focused on intricate patterns of Nepal's traditional handloom.,Traditional Crafts
Macrame Decor: Beginner to Pro. Traditional Macrame Decor session. Connect with the roots of creative knots for wall hangings and plant holders.,Traditional Crafts
Mastering Macrame Decor. Traditional Macrame Decor session. Connect with the roots of creative knots for wall hangings and plant holders.,Traditional Crafts
Introduction to Macrame Decor. Learn the art of Macrame Decor. Join our expert-led session to master creative knots for wall hangings and plant holders.,Traditional Crafts
Jewelry Making: Beginner to Pro. Traditional Jewelry Making session. Connect with the roots of silver smithing and stone setting basics.,Traditional Crafts
Pashmina Embroidery: Beginner to Pro. Practical Pashmina Embroidery workshop. Hands-on learning focused on delicate needlework on fine cashmere wool.,Traditional Crafts
Pashmina Embroidery Experience. An immersive experience in Pashmina Embroidery. Perfect for those interested in delicate needlework on fine cashmere wool.,Traditional Crafts
Introduction to Pashmina Embroidery. Master Pashmina Embroidery in this intensive masterclass. We focus on delicate needlework on fine cashmere wool for all levels.,Traditional Crafts
Dhaka Weaving Experience. An immersive experience in Dhaka Weaving. Perfect for those interested in intricate patterns of Nepal's traditional handloom.,Traditional Crafts
Introduction to Macrame Decor. An immersive experience in Macrame Decor. Perfect for those interested in creative knots for wall hangings and plant holders.,Traditional Crafts
Pashmina Embroidery Workshop. Master Pashmina Embroidery in this intensive masterclass. We focus on delicate needlework on fine cashmere wool for all levels.,Traditional Crafts
Mastering Pashmina Embroidery. An immersive experience in Pashmina Embroidery. Perfect for those interested in delicate needlework on fine cashmere wool.,Traditional Crafts
The Art of Copper Smithing. Traditional Copper Smithing session. Connect with the roots of hammering techniques for traditional vessels.,Traditional Crafts
Thimi Pottery Workshop. Practical Thimi Pottery workshop. Hands-on learning focused on shaping clay on the traditional wheel in Bhaktapur.,Traditional Crafts
Introduction to Thimi Pottery. Practical Thimi Pottery workshop. Hands-on learning focused on shaping clay on the traditional wheel in Bhaktapur.,Traditional Crafts
The Art of Knitting & Crochet. An immersive experience in Knitting & Crochet. Perfect for those interested in modern patterns using sustainable Himalayan wool.,Traditional Crafts
The Art of Macrame Decor. An immersive experience in Macrame Decor. Perfect for those interested in creative knots for wall hangings and plant holders.,Traditional Crafts
Traditional Leather Crafting Class. Learn the art of Leather Crafting. Join our expert-led session to master hand-stitching wallets and durable accessories.,Traditional Crafts
Mastering Mithila Painting. Practical Mithila Painting workshop. Hands-on learning focused on the ancient Madhubani art styles from Janakpur.,Traditional Crafts
Introduction to Mithila Painting. Unleash your creativity with Mithila Painting. A dedicated space for the ancient Madhubani art styles from Janakpur.,Traditional Crafts
Jewelry Making: Beginner to Pro. Master Jewelry Making in this intensive masterclass. We focus on silver smithing and stone setting basics for all levels.,Traditional Crafts
Knitting & Crochet Workshop. Learn the art of Knitting & Crochet. Join our expert-led session to master modern patterns using sustainable Himalayan wool.,Traditional Crafts
Traditional Pashmina Embroidery Class. Learn the art of Pashmina Embroidery. Join our expert-led session to master delicate needlework on fine cashmere wool.,Traditional Crafts
Mastering Wood Carving. Discover the secrets of Wood Carving. This interactive workshop covers classic Newari windows and floral patterns and more.,Traditional Crafts
Knitting & Crochet Workshop. Learn the art of Knitting & Crochet. Join our expert-led session to master modern patterns using sustainable Himalayan wool.,Traditional Crafts
Knitting & Crochet Workshop. Practical Knitting & Crochet workshop. Hands-on learning focused on modern patterns using sustainable Himalayan wool.,Traditional Crafts
The Art of Thimi Pottery. Practical Thimi Pottery workshop. Hands-on learning focused on shaping clay on the traditional wheel in Bhaktapur.,Traditional Crafts
Introduction to Jewelry Making. Discover the secrets of Jewelry Making. This interactive workshop covers silver smithing and stone setting basics and more.,Traditional Crafts
Knitting & Crochet Workshop. Unleash your creativity with Knitting & Crochet. A dedicated space for modern patterns using sustainable Himalayan wool.,Traditional Crafts
Introduction to Macrame Decor. Practical Macrame Decor workshop. Hands-on learning focused on creative knots for wall hangings and plant holders.,Traditional Crafts
Pashmina Embroidery Experience. Learn the art of Pashmina Embroidery. Join our expert-led session to master delicate needlework on fine cashmere wool.,Traditional Crafts
The Art of Mithila Painting. Discover the secrets of Mithila Painting. This interactive workshop covers the ancient Madhubani art styles from Janakpur and more.,Traditional Crafts
Mastering Wood Carving. Unleash your creativity with Wood Carving. A dedicated space for classic Newari windows and floral patterns.,Traditional Crafts
Thimi Pottery: Beginner to Pro. Traditional Thimi Pottery session. Connect with the roots of shaping clay on the traditional wheel in Bhaktapur.,Traditional Crafts
Traditional Macrame Decor Class. Discover the secrets of Macrame Decor. This interactive workshop covers creative knots for wall hangings and plant holders and more.,Traditional Crafts
Introduction to Macrame Decor. Master Macrame Decor in this intensive masterclass. We focus on creative knots for wall hangings and plant holders for all levels.,Traditional Crafts
Leather Crafting Workshop. Discover the secrets of Leather Crafting. This interactive workshop covers hand-stitching wallets and durable accessories and more.,Traditional Crafts
Traditional Knitting & Crochet Class. Master Knitting & Crochet in this intensive masterclass. We focus on modern patterns using sustainable Himalayan wool for all levels.,Traditional Crafts
Pashmina Embroidery: Beginner to Pro. Master Pashmina Embroidery in this intensive masterclass. We focus on delicate needlework on fine cashmere wool for all levels.,Traditional Crafts
Mithila Painting: Beginner to Pro. Traditional Mithila Painting session. Connect with the roots of the ancient Madhubani art styles from Janakpur.,Traditional Crafts
Pashmina Embroidery Experience. Traditional Pashmina Embroidery session. Connect with the roots of delicate needlework on fine cashmere wool.,Traditional Crafts
Knitting & Crochet: Beginner to Pro. An immersive experience in Knitting & Crochet. Perfect for those interested in modern patterns using sustainable Himalayan wool.,Traditional Crafts
Mithila Painting Experience. Discover the secrets of Mithila Painting. This interactive workshop covers the ancient Madhubani art styles from Janakpur and more.,Traditional Crafts
Knitting & Crochet Workshop. Practical Knitting & Crochet workshop. Hands-on learning focused on modern patterns using sustainable Himalayan wool.,Traditional Crafts
Introduction to Leather Crafting. Master Leather Crafting in this intensive masterclass. We focus on hand-stitching wallets and durable accessories for all levels.,Traditional Crafts
Mastering Wood Carving. Unleash your creativity with Wood Carving. A dedicated space for classic Newari windows and floral patterns.,Traditional Crafts
The Art of Mithila Painting. Unleash your creativity with Mithila Painting. A dedicated space for the ancient Madhubani art styles from Janakpur.,Traditional Crafts
Thimi Pottery Workshop. Traditional Thimi Pottery session. Connect with the roots of shaping clay on the traditional wheel in Bhaktapur.,Traditional Crafts
Mastering Pashmina Embroidery. Practical Pashmina Embroidery workshop. Hands-on learning focused on delicate needlework on fine cashmere wool.,Traditional Crafts
Thimi Pottery Experience. Learn the art of Thimi Pottery. Join our expert-led session to master shaping clay on the traditional wheel in Bhaktapur.,Traditional Crafts
Jewelry Making Workshop. Master Jewelry Making in this intensive masterclass. We focus on silver smithing and stone setting basics for all levels.,Traditional Crafts
The Art of Dhaka Weaving. Learn the art of Dhaka Weaving. Join our expert-led session to master intricate patterns of Nepal's traditional handloom.,Traditional Crafts
Traditional Mithila Painting Class. An immersive experience in Mithila Painting. Perfect for those interested in the ancient Madhubani art styles from Janakpur.,Traditional Crafts
Mithila Painting Experience. An immersive experience in Mithila Painting. Perfect for those interested in the ancient Madhubani art styles from Janakpur.,Traditional Crafts
Macrame Decor: Beginner to Pro. Discover the secrets of Macrame Decor. This interactive workshop covers creative knots for wall hangings and plant holders and more.,Traditional Crafts
Traditional Leather Crafting Class. Discover the secrets of Leather Crafting. This interactive workshop covers hand-stitching wallets and durable accessories and more.,Traditional Crafts
Mastering Knitting & Crochet. Traditional Knitting & Crochet session. Connect with the roots of modern patterns using sustainable Himalayan wool.,Traditional Crafts
The Art of Pashmina Embroidery. Practical Pashmina Embroidery workshop. Hands-on learning focused on delicate needlework on fine cashmere wool.,Traditional Crafts
Introduction to Jewelry Making. Learn the art of Jewelry Making. Join our expert-led session to master silver smithing and stone setting basics.,Traditional Crafts
Traditional Pashmina Embroidery Class. Discover the secrets of Pashmina Embroidery. This interactive workshop covers delicate needlework on fine cashmere wool and more.,Traditional Crafts
The Art of Wood Carving. Learn the art of Wood Carving. Join our expert-led session to master classic Newari windows and floral patterns.,Traditional Crafts
The Art of Knitting & Crochet. Discover the secrets of Knitting & Crochet. This interactive workshop covers modern patterns using sustainable Himalayan wool and more.,Traditional Crafts
Thimi Pottery Experience. Discover the secrets of Thimi Pottery. This interactive workshop covers shaping clay on the traditional wheel in Bhaktapur and more.,Traditional Crafts
Mastering Leather Crafting. An immersive experience in Leather Crafting. Perfect for those interested in hand-stitching wallets and durable accessories.,Traditional Crafts
Traditional Copper Smithing Class. An immersive experience in Copper Smithing. Perfect for those interested in hammering techniques for traditional vessels.,Traditional Crafts
Mastering Mithila Painting. Learn the art of Mithila Painting. Join our expert-led session to master the ancient Madhubani art styles from Janakpur.,Traditional Crafts
Macrame Decor Experience. Unleash your creativity with Macrame Decor. A dedicated space for creative knots for wall hangings and plant holders.,Traditional Crafts
Introduction to Wood Carving. Master Wood Carving in this intensive masterclass. We focus on classic Newari windows and floral patterns for all levels.,Traditional Crafts
Mithila Painting Experience. Discover the secrets of Mithila Painting. This interactive workshop covers the ancient Madhubani art styles from Janakpur and more.,Traditional Crafts
The Art of Mithila Painting. Learn the art of Mithila Painting. Join our expert-led session to master the ancient Madhubani art styles from Janakpur.,Traditional Crafts
Jewelry Making Experience. Learn the art of Jewelry Making. Join our expert-led session to master silver smithing and stone setting basics.,Traditional Crafts
Mastering Wood Carving. An immersive experience in Wood Carving. Perfect for those interested in classic Newari windows and floral patterns.,Traditional Crafts
The Art of Knitting & Crochet. Master Knitting & Crochet in this intensive masterclass. We focus on modern patterns using sustainable Himalayan wool for all levels.,Traditional Crafts
Traditional Jewelry Making Class. Practical Jewelry Making workshop. Hands-on learning focused on silver smithing and stone setting basics.,Traditional Crafts
Jewelry Making: Beginner to Pro. Practical Jewelry Making workshop. Hands-on learning focused on silver smithing and stone setting basics.,Traditional Crafts
Leather Crafting Workshop. An immersive experience in Leather Crafting. Perfect for those interested in hand-stitching wallets and durable accessories.,Traditional Crafts
Knitting & Crochet Experience. Learn the art of Knitting & Crochet. Join our expert-led session to master modern patterns using sustainable Himalayan wool.,Traditional Crafts
Knitting & Crochet Experience. Discover the secrets of Knitting & Crochet. This interactive workshop covers modern patterns using sustainable Himalayan wool and more.,Traditional Crafts
Macrame Decor Workshop. Master Macrame Decor in this intensive masterclass. We focus on creative knots for wall hangings and plant holders for all levels.,Traditional Crafts
Mastering Thimi Pottery. Master Thimi Pottery in this intensive masterclass. We focus on shaping clay on the traditional wheel in Bhaktapur for all levels.,Traditional Crafts
Knitting & Crochet Experience. Traditional Knitting & Crochet session. Connect with the roots of modern patterns using sustainable Himalayan wool.,Traditional Crafts
Pashmina Embroidery Experience. Master Pashmina Embroidery in this intensive masterclass. We focus on delicate needlework on fine cashmere wool for all levels.,Traditional Crafts
Introduction to Wood Carving. Learn the art of Wood Carving. Join our expert-led session to master classic Newari windows and floral patterns.,Traditional Crafts
The Art of Thimi Pottery. An immersive experience in Thimi Pottery. Perfect for those interested in shaping clay on the traditional wheel in Bhaktapur.,Traditional Crafts
The Art of Dhaka Weaving. An immersive experience in Dhaka Weaving. Perfect for those interested in intricate patterns of Nepal's traditional handloom.,Traditional Crafts
Wood Carving: Beginner to Pro. Discover the secrets of Wood Carving. This interactive workshop covers classic Newari windows and floral patterns and more.,Traditional Crafts
Thimi Pottery Experience. Unleash your creativity with Thimi Pottery. A dedicated space for shaping clay on the traditional wheel in Bhaktapur.,Traditional Crafts
Traditional Leather Crafting Class. Traditional Leather Crafting session. Connect with the roots of hand-stitching wallets and durable accessories.,Traditional Crafts
Mithila Painting Experience. Practical Mithila Painting workshop. Hands-on learning focused on the ancient Madhubani art styles from Janakpur.,Traditional Crafts
Traditional Thimi Pottery Class. Discover the secrets of Thimi Pottery. This interactive workshop covers shaping clay on the traditional wheel in Bhaktapur and more.,Traditional Crafts
The Art of Mithila Painting. Traditional Mithila Painting session. Connect with the roots of the ancient Madhubani art styles from Janakpur.,Traditional Crafts
Macrame Decor: Beginner to Pro. An immersive experience in Macrame Decor. Perfect for those interested in creative knots for wall hangings and plant holders.,Traditional Crafts
The Art of Pashmina Embroidery. An immersive experience in Pashmina Embroidery. Perfect for those interested in delicate needlework on fine cashmere wool.,Traditional Crafts
Copper Smithing Experience. Master Copper Smithing in this intensive masterclass. We focus on hammering techniques for traditional vessels for all levels.,Traditional Crafts
Introduction to Dhaka Weaving. Learn the art of Dhaka Weaving. Join our expert-led session to master intricate patterns of Nepal's traditional handloom.,Traditional Crafts
Dhaka Weaving Workshop. Traditional Dhaka Weaving session. Connect with the roots of intricate patterns of Nepal's traditional handloom.,Traditional Crafts
The Art of Thimi Pottery. Master Thimi Pottery in this intensive masterclass. We focus on shaping clay on the traditional wheel in Bhaktapur for all levels.,Traditional Crafts
The Art of Thimi Pottery. Unleash your creativity with Thimi Pottery. A dedicated space for shaping clay on the traditional wheel in Bhaktapur.,Traditional Crafts
Leather Crafting Experience. Practical Leather Crafting workshop. Hands-on learning focused on hand-stitching wallets and durable accessories.,Traditional Crafts
Copper Smithing: Beginner to Pro. Learn the art of Copper Smithing. Join our expert-led session to master hammering techniques for traditional vessels.,Traditional Crafts
Traditional Wood Carving Class. Practical Wood Carving workshop. Hands-on learning focused on classic Newari windows and floral patterns.,Traditional Crafts
Traditional Dhaka Weaving Class. Unleash your creativity with Dhaka Weaving. A dedicated space for intricate patterns of Nepal's traditional handloom.,Traditional Crafts
Dhaka Weaving Workshop. Traditional Dhaka Weaving session. Connect with the roots of intricate patterns of Nepal's traditional handloom.,Traditional Crafts
Pashmina Embroidery: Beginner to Pro. Learn the art of Pashmina Embroidery. Join our expert-led session to master delicate needlework on fine cashmere wool.,Traditional Crafts
Traditional Copper Smithing Class. Learn the art of Copper Smithing. Join our expert-led session to master hammering techniques for traditional vessels.,Traditional Crafts
Knitting & Crochet Experience. Master Knitting & Crochet in this intensive masterclass. We focus on modern patterns using sustainable Himalayan wool for all levels.,Traditional Crafts
Wood Carving: Beginner to Pro. Discover the secrets of Wood Carving. This interactive workshop covers classic Newari windows and floral patterns and more.,Traditional Crafts
The Art of Dhaka Weaving. Discover the secrets of Dhaka Weaving. This interactive workshop covers intricate patterns of Nepal's traditional handloom and more.,Traditional Crafts
Wood Carving Workshop. An immersive experience in Wood Carving. Perfect for those interested in classic Newari windows and floral patterns.,Traditional Crafts
Introduction to Copper Smithing. Learn the art of Copper Smithing. Join our expert-led session to master hammering techniques for traditional vessels.,Traditional Crafts
Macrame Decor Workshop. Master Macrame Decor in this intensive masterclass. We focus on creative knots for wall hangings and plant holders for all levels.,Traditional Crafts
Copper Smithing Workshop. An immersive experience in Copper Smithing. Perfect for those interested in hammering techniques for traditional vessels.,Traditional Crafts
Dhaka Weaving Experience. Learn the art of Dhaka Weaving. Join our expert-led session to master intricate patterns of Nepal's traditional handloom.,Traditional Crafts
Introduction to Leather Crafting. Master Leather Crafting in this intensive masterclass. We focus on hand-stitching wallets and durable accessories for all levels.,Traditional Crafts
The Art of Thimi Pottery. Learn the art of Thimi Pottery. Join our expert-led session to master shaping clay on the traditional wheel in Bhaktapur.,Traditional Crafts
Traditional Thimi Pottery Class. Discover the secrets of Thimi Pottery. This interactive workshop covers shaping clay on the traditional wheel in Bhaktapur and more.,Traditional Crafts
Copper Smithing: Beginner to Pro. An immersive experience in Copper Smithing. Perfect for those interested in hammering techniques for traditional vessels.,Traditional Crafts
Mastering Copper Smithing. Unleash your creativity with Copper Smithing. A dedicated space for hammering techniques for traditional vessels.,Traditional Crafts
The Art of Knitting & Crochet. Unleash your creativity with Knitting & Crochet. A dedicated space for modern patterns using sustainable Himalayan wool.,Traditional Crafts
Mastering Leather Crafting. Discover the secrets of Leather Crafting. This interactive workshop covers hand-stitching wallets and durable accessories and more.,Traditional Crafts
Mastering Macrame Decor. Master Macrame Decor in this intensive masterclass. We focus on creative knots for wall hangings and plant holders for all levels.,Traditional Crafts
Mastering Wood Carving. An immersive experience in Wood Carving. Perfect for those interested in classic Newari windows and floral patterns.,Traditional Crafts
Knitting & Crochet: Beginner to Pro. Traditional Knitting & Crochet session. Connect with the roots of modern patterns using sustainable Himalayan wool.,Traditional Crafts
Knitting & Crochet Experience. Learn the art of Knitting & Crochet. Join our expert-led session to master modern patterns using sustainable Himalayan wool.,Traditional Crafts
Leather Crafting Workshop. Practical Leather Crafting workshop. Hands-on learning focused on hand-stitching wallets and durable accessories.,Traditional Crafts
Pashmina Embroidery Workshop. An immersive experience in Pashmina Embroidery. Perfect for those interested in delicate needlework on fine cashmere wool.,Traditional Crafts
Traditional Thimi Pottery Class. An immersive experience in Thimi Pottery. Perfect for those interested in shaping clay on the traditional wheel in Bhaktapur.,Traditional Crafts
Traditional Knitting & Crochet Class. Practical Knitting & Crochet workshop. Hands-on learning focused on modern patterns using sustainable Himalayan wool.,Traditional Crafts
Introduction to Dhaka Weaving. An immersive experience in Dhaka Weaving. Perfect for those interested in intricate patterns of Nepal's traditional handloom.,Traditional Crafts
Introduction to Pashmina Embroidery. Practical Pashmina Embroidery workshop. Hands-on learning focused on delicate needlework on fine cashmere wool.,Traditional Crafts
Thimi Pottery Workshop. Learn the art of Thimi Pottery. Join our expert-led session to master shaping clay on the traditional wheel in Bhaktapur.,Traditional Crafts
Introduction to Wood Carving. Learn the art of Wood Carving. Join our expert-led session to master classic Newari windows and floral patterns.,Traditional Crafts
Mithila Painting: Beginner to Pro. Discover the secrets of Mithila Painting. This interactive workshop covers the ancient Madhubani art styles from Janakpur and more.,Traditional Crafts
Leather Crafting: Beginner to Pro. Practical Leather Crafting workshop. Hands-on learning focused on hand-stitching wallets and durable accessories.,Traditional Crafts
Macrame Decor Workshop. Learn the art of Macrame Decor. Join our expert-led session to master creative knots for wall hangings and plant holders.,Traditional Crafts
Wood Carving Experience. An immersive experience in Wood Carving. Perfect for those interested in classic Newari windows and floral patterns.,Traditional Crafts
Mastering Thimi Pottery. Traditional Thimi Pottery session. Connect with the roots of shaping clay on the traditional wheel in Bhaktapur.,Traditional Crafts
Leather Crafting Workshop. Master Leather Crafting in this intensive masterclass. We focus on hand-stitching wallets and durable accessories for all levels.,Traditional Crafts
Mastering Copper Smithing. Discover the secrets of Copper Smithing. This interactive workshop covers hammering techniques for traditional vessels and more.,Traditional Crafts
Wood Carving Experience. Discover the secrets of Wood Carving. This interactive workshop covers classic Newari windows and floral patterns and more.,Traditional Crafts
Mithila Painting: Beginner to Pro. Master Mithila Painting in this intensive masterclass. We focus on the ancient Madhubani art styles from Janakpur for all levels.,Traditional Crafts
Pashmina Embroidery Experience. Traditional Pashmina Embroidery session. Connect with the roots of delicate needlework on fine cashmere wool.,Traditional Crafts
Jewelry Making Workshop. Learn the art of Jewelry Making. Join our expert-led session to master silver smithing and stone setting basics.,Traditional Crafts
Copper Smithing Workshop. Learn the art of Copper Smithing. Join our expert-led session to master hammering techniques for traditional vessels.,Traditional Crafts
Introduction to Mithila Painting. Discover the secrets of Mithila Painting. This interactive workshop covers the ancient Madhubani art styles from Janakpur and more.,Traditional Crafts
The Art of Jewelry Making. Master Jewelry Making in this intensive masterclass. We focus on silver smithing and stone setting basics for all levels.,Traditional Crafts
The Art of Jewelry Making. Learn the art of Jewelry Making. Join our expert-led session to master silver smithing and stone setting basics.,Traditional Crafts
Jewelry Making Workshop. Practical Jewelry Making workshop. Hands-on learning focused on silver smithing and stone setting basics.,Traditional Crafts
Mastering Thimi Pottery. Unleash your creativity with Thimi Pottery. A dedicated space for shaping clay on the traditional wheel in Bhaktapur.,Traditional Crafts
Traditional Wood Carving Class. Unleash your creativity with Wood Carving. A dedicated space for classic Newari windows and floral patterns.,Traditional Crafts
Mithila Painting Experience. Unleash your creativity with Mithila Painting. A dedicated space for the ancient Madhubani art styles from Janakpur.,Traditional Crafts
Leather Crafting: Beginner to Pro. Traditional Leather Crafting session. Connect with the roots of hand-stitching wallets and durable accessories.,Traditional Crafts
The Art of Copper Smithing. Discover the secrets of Copper Smithing. This interactive workshop covers hammering techniques for traditional vessels and more.,Traditional Crafts
Dhaka Weaving Experience. Discover the secrets of Dhaka Weaving. This interactive workshop covers intricate patterns of Nepal's traditional handloom and more.,Traditional Crafts
Mastering Knitting & Crochet. Traditional Knitting & Crochet session. Connect with the roots of modern patterns using sustainable Himalayan wool.,Traditional Crafts
Mastering Leather Crafting. An immersive experience in Leather Crafting. Perfect for those interested in hand-stitching wallets and durable accessories.,Traditional Crafts
Mastering Wood Carving. An immersive experience in Wood Carving. Perfect for those interested in classic Newari windows and floral patterns.,Traditional Crafts
The Art of Thimi Pottery. Practical Thimi Pottery workshop. Hands-on learning focused on shaping clay on the traditional wheel in Bhaktapur.,Traditional Crafts
Thimi Pottery Workshop. Discover the secrets of Thimi Pottery. This interactive workshop covers shaping clay on the traditional wheel in Bhaktapur and more.,Traditional Crafts
Introduction to Thimi Pottery. Practical Thimi Pottery workshop. Hands-on learning focused on shaping clay on the traditional wheel in Bhaktapur.,Traditional Crafts
Traditional Knitting & Crochet Class. Discover the secrets of Knitting & Crochet. This interactive workshop covers modern patterns using sustainable Himalayan wool and more.,Traditional Crafts
Leather Crafting Workshop. Unleash your creativity with Leather Crafting. A dedicated space for hand-stitching wallets and durable accessories.,Traditional Crafts
The Art of Copper Smithing. An immersive experience in Copper Smithing. Perfect for those interested in hammering techniques for traditional vessels.,Traditional Crafts
Traditional Pashmina Embroidery Class. Discover the secrets of Pashmina Embroidery. This interactive workshop covers delicate needlework on fine cashmere wool and more.,Traditional Crafts
Dhaka Weaving Experience. Traditional Dhaka Weaving session. Connect with the roots of intricate patterns of Nepal's traditional handloom.,Traditional Crafts
Thimi Pottery Experience. Unleash your creativity with Thimi Pottery. A dedicated space for shaping clay on the traditional wheel in Bhaktapur.,Traditional Crafts
Traditional Copper Smithing Class. Practical Copper Smithing workshop. Hands-on learning focused on hammering techniques for traditional vessels.,Traditional Crafts
Traditional Copper Smithing Class. Master Copper Smithing in this intensive masterclass. We focus on hammering techniques for traditional vessels for all levels.,Traditional Crafts
Wood Carving Workshop. Discover the secrets of Wood Carving. This interactive workshop covers classic Newari windows and floral patterns and more.,Traditional Crafts
Introduction to Wood Carving. Discover the secrets of Wood Carving. This interactive workshop covers classic Newari windows and floral patterns and more.,Traditional Crafts
Thimi Pottery: Beginner to Pro. Unleash your creativity with Thimi Pottery. A dedicated space for shaping clay on the traditional wheel in Bhaktapur.,Traditional Crafts
Jewelry Making: Beginner to Pro. Practical Jewelry Making workshop. Hands-on learning focused on silver smithing and stone setting basics.,Traditional Crafts
Mastering Pashmina Embroidery. Learn the art of Pashmina Embroidery. Join our expert-led session to master delicate needlework on fine cashmere wool.,Traditional Crafts
Traditional Wood Carving Class. Unleash your creativity with Wood Carving. A dedicated space for classic Newari windows and floral patterns.,Traditional Crafts
Wood Carving: Beginner to Pro. Unleash your creativity with Wood Carving. A dedicated space for classic Newari windows and floral patterns.,Traditional Crafts
Traditional Wood Carving Class. An immersive experience in Wood Carving. Perfect for those interested in classic Newari windows and floral patterns.,Traditional Crafts
Introduction to Wood Carving. Discover the secrets of Wood Carving. This interactive workshop covers classic Newari windows and floral patterns and more.,Traditional Crafts
Introduction to Macrame Decor. Unleash your creativity with Macrame Decor. A dedicated space for creative knots for wall hangings and plant holders.,Traditional Crafts
Leather Crafting Experience. Master Leather Crafting in this intensive masterclass. We focus on hand-stitching wallets and durable accessories for all levels.,Traditional Crafts
Macrame Decor Workshop. An immersive experience in Macrame Decor. Perfect for those interested in creative knots for wall hangings and plant holders.,Traditional Crafts
Copper Smithing Workshop. Practical Copper Smithing workshop. Hands-on learning focused on hammering techniques for traditional vessels.,Traditional Crafts
Mastering Mithila Painting. Discover the secrets of Mithila Painting. This interactive workshop covers the ancient Madhubani art styles from Janakpur and more.,Traditional Crafts
Introduction to Jewelry Making. Unleash your creativity with Jewelry Making. A dedicated space for silver smithing and stone setting basics.,Traditional Crafts
Traditional Pashmina Embroidery Class. Master Pashmina Embroidery in this intensive masterclass. We focus on delicate needlework on fine cashmere wool for all levels.,Traditional Crafts
Copper Smithing Workshop. Learn the art of Copper Smithing. Join our expert-led session to master hammering techniques for traditional vessels.,Traditional Crafts
The Art of Knitting & Crochet. Learn the art of Knitting & Crochet. Join our expert-led session to master modern patterns using sustainable Himalayan wool.,Traditional Crafts
Introduction to Copper Smithing. Unleash your creativity with Copper Smithing. A dedicated space for hammering techniques for traditional vessels.,Traditional Crafts
Knitting & Crochet Workshop. Discover the secrets of Knitting & Crochet. This interactive workshop covers modern patterns using sustainable Himalayan wool and more.,Traditional Crafts
Mastering Pashmina Embroidery. An immersive experience in Pashmina Embroidery. Perfect for those interested in delicate needlework on fine cashmere wool.,Traditional Crafts
Introduction to Thimi Pottery. Traditional Thimi Pottery session. Connect with the roots of shaping clay on the traditional wheel in Bhaktapur.,Traditional Crafts
Mithila Painting Experience. Discover the secrets of Mithila Painting. This interactive workshop covers the ancient Madhubani art styles from Janakpur and more.,Traditional Crafts
Leather Crafting: Beginner to Pro. Traditional Leather Crafting session. Connect with the roots of hand-stitching wallets and durable accessories.,Traditional Crafts
Mastering Pashmina Embroidery. Practical Pashmina Embroidery workshop. Hands-on learning focused on delicate needlework on fine cashmere wool.,Traditional Crafts
Wood Carving: Beginner to Pro. Traditional Wood Carving session. Connect with the roots of classic Newari windows and floral patterns.,Traditional Crafts
Mastering Thimi Pottery. Practical Thimi Pottery workshop. Hands-on learning focused on shaping clay on the traditional wheel in Bhaktapur.,Traditional Crafts
Thimi Pottery Experience. Learn the art of Thimi Pottery. Join our expert-led session to master shaping clay on the traditional wheel in Bhaktapur.,Traditional Crafts
Wood Carving: Beginner to Pro. Learn the art of Wood Carving. Join our expert-led session to master classic Newari windows and floral patterns.,Traditional Crafts
Mithila Painting: Beginner to Pro. Practical Mithila Painting workshop. Hands-on learning focused on the ancient Madhubani art styles from Janakpur.,Traditional Crafts
The Art of Copper Smithing. Learn the art of Copper Smithing. Join our expert-led session to master hammering techniques for traditional vessels.,Traditional Crafts
The Art of Dhaka Weaving. Discover the secrets of Dhaka Weaving. This interactive workshop covers intricate patterns of Nepal's traditional handloom and more.,Traditional Crafts
Wood Carving Workshop. Unleash your creativity with Wood Carving. A dedicated space for classic Newari windows and floral patterns.,Traditional Crafts
Pashmina Embroidery Workshop. Traditional Pashmina Embroidery session. Connect with the roots of delicate needlework on fine cashmere wool.,Traditional Crafts
Introduction to Macrame Decor. Learn the art of Macrame Decor. Join our expert-led session to master creative knots for wall hangings and plant holders.,Traditional Crafts
Wood Carving Experience. Unleash your creativity with Wood Carving. A dedicated space for classic Newari windows and floral patterns.,Traditional Crafts
Thimi Pottery Experience. Practical Thimi Pottery workshop. Hands-on learning focused on shaping clay on the traditional wheel in Bhaktapur.,Traditional Crafts
Macrame Decor: Beginner to Pro. Unleash your creativity with Macrame Decor. A dedicated space for creative knots for wall hangings and plant holders.,Traditional Crafts
Traditional Dhaka Weaving Class. Master Dhaka Weaving in this intensive masterclass. We focus on intricate patterns of Nepal's traditional handloom for all levels.,Traditional Crafts
Introduction to Wood Carving. Traditional Wood Carving session. Connect with the roots of classic Newari windows and floral patterns.,Traditional Crafts
Mastering Leather Crafting. Learn the art of Leather Crafting. Join our expert-led session to master hand-stitching wallets and durable accessories.,Traditional Crafts
Traditional Wood Carving Class. Traditional Wood Carving session. Connect with the roots of classic Newari windows and floral patterns.,Traditional Crafts
Mastering Leather Crafting. Unleash your creativity with Leather Crafting. A dedicated space for hand-stitching wallets and durable accessories.,Traditional Crafts
Introduction to Mithila Painting. Master Mithila Painting in this intensive masterclass. We focus on the ancient Madhubani art styles from Janakpur for all levels.,Traditional Crafts
The Art of Leather Crafting. Discover the secrets of Leather Crafting. This interactive workshop covers hand-stitching wallets and durable accessories and more.,Traditional Crafts
Leather Crafting Experience. Learn the art of Leather Crafting. Join our expert-led session to master hand-stitching wallets and durable accessories.,Traditional Crafts
Thimi Pottery Workshop. Traditional Thimi Pottery session. Connect with the roots of shaping clay on the traditional wheel in Bhaktapur.,Traditional Crafts
Jewelry Making: Beginner to Pro. Discover the secrets of Jewelry Making. This interactive workshop covers silver smithing and stone setting basics and more.,Traditional Crafts
The Art of Copper Smithing. Unleash your creativity with Copper Smithing. A dedicated space for hammering techniques for traditional vessels.,Traditional Crafts
Dhaka Weaving Experience. Unleash your creativity with Dhaka Weaving. A dedicated space for intricate patterns of Nepal's traditional handloom.,Traditional Crafts
Introduction to Thimi Pottery. Unleash your creativity with Thimi Pottery. A dedicated space for shaping clay on the traditional wheel in Bhaktapur.,Traditional Crafts
Macrame Decor Experience. Traditional Macrame Decor session. Connect with the roots of creative knots for wall hangings and plant holders.,Traditional Crafts
Knitting & Crochet Workshop. An immersive experience in Knitting & Crochet. Perfect for those interested in modern patterns using sustainable Himalayan wool.,Traditional Crafts
Leather Crafting: Beginner to Pro. Discover the secrets of Leather Crafting. This interactive workshop covers hand-stitching wallets and durable accessories and more.,Traditional Crafts
Mastering Mithila Painting. Unleash your creativity with Mithila Painting. A dedicated space for the ancient Madhubani art styles from Janakpur.,Traditional Crafts
Copper Smithing: Beginner to Pro. An immersive experience in Copper Smithing. Perfect for those interested in hammering techniques for traditional vessels.,Traditional Crafts
Traditional Dhaka Weaving Class. Discover the secrets of Dhaka Weaving. This interactive workshop covers intricate patterns of Nepal's traditional handloom and more.,Traditional Crafts
Wood Carving: Beginner to Pro. Unleash your creativity with Wood Carving. A dedicated space for classic Newari windows and floral patterns.,Traditional Crafts
Traditional Knitting & Crochet Class. Traditional Knitting & Crochet session. Connect with the roots of modern patterns using sustainable Himalayan wool.,Traditional Crafts
Introduction to Thimi Pottery. Unleash your creativity with Thimi Pottery. A dedicated space for shaping clay on the traditional wheel in Bhaktapur.,Traditional Crafts
Mithila Painting Experience. An immersive experience in Mithila Painting. Perfect for those interested in the ancient Madhubani art styles from Janakpur.,Traditional Crafts
Traditional Macrame Decor Class. Traditional Macrame Decor session. Connect with the roots of creative knots for wall hangings and plant holders.,Traditional Crafts
Traditional Thimi Pottery Class. Unleash your creativity with Thimi Pottery. A dedicated space for shaping clay on the traditional wheel in Bhaktapur.,Traditional Crafts
Macrame Decor Workshop. Unleash your creativity with Macrame Decor. A dedicated space for creative knots for wall hangings and plant holders.,Traditional Crafts
Copper Smithing: Beginner to Pro. Discover the secrets of Copper Smithing. This interactive workshop covers hammering techniques for traditional vessels and more.,Traditional Crafts
Leather Crafting Workshop. Traditional Leather Crafting session. Connect with the roots of hand-stitching wallets and durable accessories.,Traditional Crafts
Introduction to Knitting & Crochet. Unleash your creativity with Knitting & Crochet. A dedicated space for modern patterns using sustainable Himalayan wool.,Traditional Crafts
Knitting & Crochet Experience. Traditional Knitting & Crochet session. Connect with the roots of modern patterns using sustainable Himalayan wool.,Traditional Crafts
Mastering Pashmina Embroidery. Discover the secrets of Pashmina Embroidery. This interactive workshop covers delicate needlework on fine cashmere wool and more.,Traditional Crafts
Mastering Thimi Pottery. Discover the secrets of Thimi Pottery. This interactive workshop covers shaping clay on the traditional wheel in Bhaktapur and more.,Traditional Crafts
Mithila Painting: Beginner to Pro. Traditional Mithila Painting session. Connect with the roots of the ancient Madhubani art styles from Janakpur.,Traditional Crafts
Introduction to Thimi Pottery. Discover the secrets of Thimi Pottery. This interactive workshop covers shaping clay on the traditional wheel in Bhaktapur and more.,Traditional Crafts
Leather Crafting Experience. Learn the art of Leather Crafting. Join our expert-led session to master hand-stitching wallets and durable accessories.,Traditional Crafts
Leather Crafting Experience. Unleash your creativity with Leather Crafting. A dedicated space for hand-stitching wallets and durable accessories.,Traditional Crafts
Introduction to Pashmina Embroidery. An immersive experience in Pashmina Embroidery. Perfect for those interested in delicate needlework on fine cashmere wool.,Traditional Crafts
The Art of Macrame Decor. Master Macrame Decor in this intensive masterclass. We focus on creative knots for wall hangings and plant holders for all levels.,Traditional Crafts
Knitting & Crochet Workshop. Traditional Knitting & Crochet session. Connect with the roots of modern patterns using sustainable Himalayan wool.,Traditional Crafts
Macrame Decor Experience. Learn the art of Macrame Decor. Join our expert-led session to master creative knots for wall hangings and plant holders.,Traditional Crafts
Traditional Wood Carving Class. An immersive experience in Wood Carving. Perfect for those interested in classic Newari windows and floral patterns.,Traditional Crafts
Dhaka Weaving Workshop. An immersive experience in Dhaka Weaving. Perfect for those interested in intricate patterns of Nepal's traditional handloom.,Traditional Crafts
Jewelry Making: Beginner to Pro. Discover the secrets of Jewelry Making. This interactive workshop covers silver smithing and stone setting basics and more.,Traditional Crafts
Pashmina Embroidery Experience. An immersive experience in Pashmina Embroidery. Perfect for those interested in delicate needlework on fine cashmere wool.,Traditional Crafts
Mastering Jewelry Making. Master Jewelry Making in this intensive masterclass. We focus on silver smithing and stone setting basics for all levels.,Traditional Crafts
The Art of Copper Smithing. Learn the art of Copper Smithing. Join our expert-led session to master hammering techniques for traditional vessels.,Traditional Crafts
Jewelry Making Experience. Master Jewelry Making in this intensive masterclass. We focus on silver smithing and stone setting basics for all levels.,Traditional Crafts
Introduction to Macrame Decor. Unleash your creativity with Macrame Decor. A dedicated space for creative knots for wall hangings and plant holders.,Traditional Crafts
Introduction to Dhaka Weaving. Traditional Dhaka Weaving session. Connect with the roots of intricate patterns of Nepal's traditional handloom.,Traditional Crafts
Mastering Dhaka Weaving. Practical Dhaka Weaving workshop. Hands-on learning focused on intricate patterns of Nepal's traditional handloom.,Traditional Crafts
Introduction to Dhaka Weaving. An immersive experience in Dhaka Weaving. Perfect for those interested in intricate patterns of Nepal's traditional handloom.,Traditional Crafts
Thimi Pottery Workshop. Traditional Thimi Pottery session. Connect with the roots of shaping clay on the traditional wheel in Bhaktapur.,Traditional Crafts
Wood Carving: Beginner to Pro. Learn the art of Wood Carving. Join our expert-led session to master classic Newari windows and floral patterns.,Traditional Crafts
Traditional Thimi Pottery Class. Unleash your creativity with Thimi Pottery. A dedicated space for shaping clay on the traditional wheel in Bhaktapur.,Traditional Crafts
Traditional Leather Crafting Class. Practical Leather Crafting workshop. Hands-on learning focused on hand-stitching wallets and durable accessories.,Traditional Crafts
Mastering Copper Smithing. Discover the secrets of Copper Smithing. This interactive workshop covers hammering techniques for traditional vessels and more.,Traditional Crafts
The Art of Dhaka Weaving. Discover the secrets of Dhaka Weaving. This interactive workshop covers intricate patterns of Nepal's traditional handloom and more.,Traditional Crafts
Traditional Copper Smithing Class. Learn the art of Copper Smithing. Join our expert-led session to master hammering techniques for traditional vessels.,Traditional Crafts
Traditional Jewelry Making Class. Master Jewelry Making in this intensive masterclass. We focus on silver smithing and stone setting basics for all levels.,Traditional Crafts
The Art of Macrame Decor. An immersive experience in Macrame Decor. Perfect for those interested in creative knots for wall hangings and plant holders.,Traditional Crafts
Copper Smithing Experience. Practical Copper Smithing workshop. Hands-on learning focused on hammering techniques for traditional vessels.,Traditional Crafts
Traditional Leather Crafting Class. Discover the secrets of Leather Crafting. This interactive workshop covers hand-stitching wallets and durable accessories and more.,Traditional Crafts
Traditional Wood Carving Class. Practical Wood Carving workshop. Hands-on learning focused on classic Newari windows and floral patterns.,Traditional Crafts
Introduction to Macrame Decor. Learn the art of Macrame Decor. Join our expert-led session to master creative knots for wall hangings and plant holders.,Traditional Crafts
Wood Carving Workshop. Unleash your creativity with Wood Carving. A dedicated space for classic Newari windows and floral patterns.,Traditional Crafts
The Art of Leather Crafting. Master Leather Crafting in this intensive masterclass. We focus on hand-stitching wallets and durable accessories for all levels.,Traditional Crafts
Leather Crafting Experience. Practical Leather Crafting workshop. Hands-on learning focused on hand-stitching wallets and durable accessories.,Traditional Crafts
Introduction to Leather Crafting. An immersive experience in Leather Crafting. Perfect for those interested in hand-stitching wallets and durable accessories.,Traditional Crafts
The Art of Jewelry Making. An immersive experience in Jewelry Making. Perfect for those interested in silver smithing and stone setting basics.,Traditional Crafts
Introduction to Knitting & Crochet. Master Knitting & Crochet in this intensive masterclass. We focus on modern patterns using sustainable Himalayan wool for all levels.,Traditional Crafts
Dhaka Weaving Experience. Discover the secrets of Dhaka Weaving. This interactive workshop covers intricate patterns of Nepal's traditional handloom and more.,Traditional Crafts
Mastering Macrame Decor. Traditional Macrame Decor session. Connect with the roots of creative knots for wall hangings and plant holders.,Traditional Crafts
Dhaka Weaving Experience. Master Dhaka Weaving in this intensive masterclass. We focus on intricate patterns of Nepal's traditional handloom for all levels.,Traditional Crafts
Traditional Wood Carving Class. Practical Wood Carving workshop. Hands-on learning focused on classic Newari windows and floral patterns.,Traditional Crafts
Copper Smithing Experience. An immersive experience in Copper Smithing. Perfect for those interested in hammering techniques for traditional vessels.,Traditional Crafts
Introduction to Leather Crafting. Master Leather Crafting in this intensive masterclass. We focus on hand-stitching wallets and durable accessories for all levels.,Traditional Crafts
Dhaka Weaving: Beginner to Pro. Master Dhaka Weaving in this intensive masterclass. We focus on intricate patterns of Nepal's traditional handloom for all levels.,Traditional Crafts
Mithila Painting Workshop. Master Mithila Painting in this intensive masterclass. We focus on the ancient Madhubani art styles from Janakpur for all levels.,Traditional Crafts
Macrame Decor Workshop. Practical Macrame Decor workshop. Hands-on learning focused on creative knots for wall hangings and plant holders.,Traditional Crafts
Pashmina Embroidery Experience. Traditional Pashmina Embroidery session. Connect with the roots of delicate needlework on fine cashmere wool.,Traditional Crafts
Knitting & Crochet Workshop. Master Knitting & Crochet in this intensive masterclass. We focus on modern patterns using sustainable Himalayan wool for all levels.,Traditional Crafts
Traditional Copper Smithing Class. Learn the art of Copper Smithing. Join our expert-led session to master hammering techniques for traditional vessels.,Traditional Crafts
Dhaka Weaving Workshop. Learn the art of Dhaka Weaving. Join our expert-led session to master intricate patterns of Nepal's traditional handloom.,Traditional Crafts
The Art of Thimi Pottery. Unleash your creativity with Thimi Pottery. A dedicated space for shaping clay on the traditional wheel in Bhaktapur.,Traditional Crafts
The Art of Watercolour Landscapes. Discover the secrets of Watercolour Landscapes. This interactive workshop covers mastering wash techniques and light layers and more.,Visual Arts
"Mastering Oil Painting Basics. Traditional Oil Painting Basics session. Connect with the roots of layering, blending, and texture development.",Visual Arts
"Oil Painting Basics: Beginner to Pro. Unleash your creativity with Oil Painting Basics. A dedicated space for layering, blending, and texture development.",Visual Arts
Mastering Graffiti & Street Art. An immersive experience in Graffiti & Street Art. Perfect for those interested in spray can control and mural design.,Visual Arts
Mastering Watercolour Landscapes. Traditional Watercolour Landscapes session. Connect with the roots of mastering wash techniques and light layers.,Visual Arts
"Portrait Sketching Workshop. Discover the secrets of Portrait Sketching. This interactive workshop covers anatomy, shading, and capturing human emotion and more.",Visual Arts
The Art of Block Printing. Unleash your creativity with Block Printing. A dedicated space for hand-carving blocks for textile design.,Visual Arts
Introduction to Thanka Painting. Traditional Thanka Painting session. Connect with the roots of sacred geometry and gold leaf application.,Visual Arts
Fluid Acrylic Pouring Workshop. Practical Fluid Acrylic Pouring workshop. Hands-on learning focused on creating abstract cells and color gradients.,Visual Arts
Mastering Thanka Painting. Learn the art of Thanka Painting. Join our expert-led session to master sacred geometry and gold leaf application.,Visual Arts
"Photography Masterclass: Beginner to Pro. Discover the secrets of Photography Masterclass. This interactive workshop covers light, composition, and manual camera control and more.",Visual Arts
The Art of Digital Illustration. Practical Digital Illustration workshop. Hands-on learning focused on procreate techniques for modern artists.,Visual Arts
Traditional Digital Illustration Class. Discover the secrets of Digital Illustration. This interactive workshop covers procreate techniques for modern artists and more.,Visual Arts
Thanka Painting: Beginner to Pro. Discover the secrets of Thanka Painting. This interactive workshop covers sacred geometry and gold leaf application and more.,Visual Arts
Introduction to Graffiti & Street Art. Practical Graffiti & Street Art workshop. Hands-on learning focused on spray can control and mural design.,Visual Arts
Block Printing Experience. Learn the art of Block Printing. Join our expert-led session to master hand-carving blocks for textile design.,Visual Arts
"Traditional Photography Masterclass Class. Master Photography Masterclass in this intensive masterclass. We focus on light, composition, and manual camera control for all levels.",Visual Arts
Graffiti & Street Art: Beginner to Pro. Traditional Graffiti & Street Art session. Connect with the roots of spray can control and mural design.,Visual Arts
Watercolour Landscapes: Beginner to Pro. An immersive experience in Watercolour Landscapes. Perfect for those interested in mastering wash techniques and light layers.,Visual Arts
Graffiti & Street Art Experience. An immersive experience in Graffiti & Street Art. Perfect for those interested in spray can control and mural design.,Visual Arts
Fluid Acrylic Pouring Workshop. Practical Fluid Acrylic Pouring workshop. Hands-on learning focused on creating abstract cells and color gradients.,Visual Arts
Mastering Digital Illustration. Traditional Digital Illustration session. Connect with the roots of procreate techniques for modern artists.,Visual Arts
"Oil Painting Basics Workshop. Practical Oil Painting Basics workshop. Hands-on learning focused on layering, blending, and texture development.",Visual Arts
Block Printing: Beginner to Pro. Traditional Block Printing session. Connect with the roots of hand-carving blocks for textile design.,Visual Arts
"Portrait Sketching Experience. Master Portrait Sketching in this intensive masterclass. We focus on anatomy, shading, and capturing human emotion for all levels.",Visual Arts
"Oil Painting Basics Experience. Master Oil Painting Basics in this intensive masterclass. We focus on layering, blending, and texture development for all levels.",Visual Arts
Watercolour Landscapes Workshop. Traditional Watercolour Landscapes session. Connect with the roots of mastering wash techniques and light layers.,Visual Arts
Introduction to Calligraphy. Learn the art of Calligraphy. Join our expert-led session to master elegant script strokes and ink management.,Visual Arts
"Mastering Portrait Sketching. Traditional Portrait Sketching session. Connect with the roots of anatomy, shading, and capturing human emotion.",Visual Arts
Thanka Painting Workshop. An immersive experience in Thanka Painting. Perfect for those interested in sacred geometry and gold leaf application.,Visual Arts
The Art of Block Printing. An immersive experience in Block Printing. Perfect for those interested in hand-carving blocks for textile design.,Visual Arts
The Art of Thanka Painting. Unleash your creativity with Thanka Painting. A dedicated space for sacred geometry and gold leaf application.,Visual Arts
"Portrait Sketching: Beginner to Pro. Master Portrait Sketching in this intensive masterclass. We focus on anatomy, shading, and capturing human emotion for all levels.",Visual Arts
The Art of Block Printing. Unleash your creativity with Block Printing. A dedicated space for hand-carving blocks for textile design.,Visual Arts
Digital Illustration Workshop. Traditional Digital Illustration session. Connect with the roots of procreate techniques for modern artists.,Visual Arts
Calligraphy Workshop. An immersive experience in Calligraphy. Perfect for those interested in elegant script strokes and ink management.,Visual Arts
Calligraphy: Beginner to Pro. Practical Calligraphy workshop. Hands-on learning focused on elegant script strokes and ink management.,Visual Arts
Mastering Watercolour Landscapes. Unleash your creativity with Watercolour Landscapes. A dedicated space for mastering wash techniques and light layers.,Visual Arts
"Oil Painting Basics Experience. Unleash your creativity with Oil Painting Basics. A dedicated space for layering, blending, and texture development.",Visual Arts
Thanka Painting Experience. Practical Thanka Painting workshop. Hands-on learning focused on sacred geometry and gold leaf application.,Visual Arts
"Photography Masterclass Workshop. An immersive experience in Photography Masterclass. Perfect for those interested in light, composition, and manual camera control.",Visual Arts
"Mastering Photography Masterclass. Discover the secrets of Photography Masterclass. This interactive workshop covers light, composition, and manual camera control and more.",Visual Arts
Mastering Watercolour Landscapes. An immersive experience in Watercolour Landscapes. Perfect for those interested in mastering wash techniques and light layers.,Visual Arts
The Art of Fluid Acrylic Pouring. Practical Fluid Acrylic Pouring workshop. Hands-on learning focused on creating abstract cells and color gradients.,Visual Arts
"Introduction to Portrait Sketching. Learn the art of Portrait Sketching. Join our expert-led session to master anatomy, shading, and capturing human emotion.",Visual Arts
Introduction to Block Printing. Unleash your creativity with Block Printing. A dedicated space for hand-carving blocks for textile design.,Visual Arts
"Oil Painting Basics Workshop. An immersive experience in Oil Painting Basics. Perfect for those interested in layering, blending, and texture development.",Visual Arts
Watercolour Landscapes Experience. Traditional Watercolour Landscapes session. Connect with the roots of mastering wash techniques and light layers.,Visual Arts
Introduction to Digital Illustration. Learn the art of Digital Illustration. Join our expert-led session to master procreate techniques for modern artists.,Visual Arts
Fluid Acrylic Pouring Workshop. Unleash your creativity with Fluid Acrylic Pouring. A dedicated space for creating abstract cells and color gradients.,Visual Arts
Introduction to Calligraphy. Discover the secrets of Calligraphy. This interactive workshop covers elegant script strokes and ink management and more.,Visual Arts
Mastering Calligraphy. Discover the secrets of Calligraphy. This interactive workshop covers elegant script strokes and ink management and more.,Visual Arts
Block Printing Workshop. Unleash your creativity with Block Printing. A dedicated space for hand-carving blocks for textile design.,Visual Arts
Mastering Digital Illustration. Master Digital Illustration in this intensive masterclass. We focus on procreate techniques for modern artists for all levels.,Visual Arts
Fluid Acrylic Pouring Workshop. Traditional Fluid Acrylic Pouring session. Connect with the roots of creating abstract cells and color gradients.,Visual Arts
Traditional Calligraphy Class. Learn the art of Calligraphy. Join our expert-led session to master elegant script strokes and ink management.,Visual Arts
"Mastering Portrait Sketching. An immersive experience in Portrait Sketching. Perfect for those interested in anatomy, shading, and capturing human emotion.",Visual Arts
"Photography Masterclass Workshop. Learn the art of Photography Masterclass. Join our expert-led session to master light, composition, and manual camera control.",Visual Arts
Thanka Painting Experience. Learn the art of Thanka Painting. Join our expert-led session to master sacred geometry and gold leaf application.,Visual Arts
The Art of Calligraphy. Master Calligraphy in this intensive masterclass. We focus on elegant script strokes and ink management for all levels.,Visual Arts
Introduction to Digital Illustration. Unleash your creativity with Digital Illustration. A dedicated space for procreate techniques for modern artists.,Visual Arts
"Portrait Sketching Experience. Master Portrait Sketching in this intensive masterclass. We focus on anatomy, shading, and capturing human emotion for all levels.",Visual Arts
Mastering Fluid Acrylic Pouring. Practical Fluid Acrylic Pouring workshop. Hands-on learning focused on creating abstract cells and color gradients.,Visual Arts
"Mastering Photography Masterclass. Learn the art of Photography Masterclass. Join our expert-led session to master light, composition, and manual camera control.",Visual Arts
"Introduction to Oil Painting Basics. Traditional Oil Painting Basics session. Connect with the roots of layering, blending, and texture development.",Visual Arts
Mastering Watercolour Landscapes. Practical Watercolour Landscapes workshop. Hands-on learning focused on mastering wash techniques and light layers.,Visual Arts
"The Art of Portrait Sketching. Practical Portrait Sketching workshop. Hands-on learning focused on anatomy, shading, and capturing human emotion.",Visual Arts
Mastering Watercolour Landscapes. Master Watercolour Landscapes in this intensive masterclass. We focus on mastering wash techniques and light layers for all levels.,Visual Arts
Mastering Thanka Painting. Unleash your creativity with Thanka Painting. A dedicated space for sacred geometry and gold leaf application.,Visual Arts
"Portrait Sketching Workshop. Traditional Portrait Sketching session. Connect with the roots of anatomy, shading, and capturing human emotion.",Visual Arts
The Art of Graffiti & Street Art. Discover the secrets of Graffiti & Street Art. This interactive workshop covers spray can control and mural design and more.,Visual Arts
"Mastering Portrait Sketching. Master Portrait Sketching in this intensive masterclass. We focus on anatomy, shading, and capturing human emotion for all levels.",Visual Arts
Thanka Painting Workshop. Master Thanka Painting in this intensive masterclass. We focus on sacred geometry and gold leaf application for all levels.,Visual Arts
Mastering Watercolour Landscapes. Unleash your creativity with Watercolour Landscapes. A dedicated space for mastering wash techniques and light layers.,Visual Arts
Introduction to Watercolour Landscapes. Unleash your creativity with Watercolour Landscapes. A dedicated space for mastering wash techniques and light layers.,Visual Arts
Mastering Graffiti & Street Art. Learn the art of Graffiti & Street Art. Join our expert-led session to master spray can control and mural design.,Visual Arts
Watercolour Landscapes Experience. Unleash your creativity with Watercolour Landscapes. A dedicated space for mastering wash techniques and light layers.,Visual Arts
Traditional Watercolour Landscapes Class. Discover the secrets of Watercolour Landscapes. This interactive workshop covers mastering wash techniques and light layers and more.,Visual Arts
Mastering Block Printing. Discover the secrets of Block Printing. This interactive workshop covers hand-carving blocks for textile design and more.,Visual Arts
Graffiti & Street Art: Beginner to Pro. Practical Graffiti & Street Art workshop. Hands-on learning focused on spray can control and mural design.,Visual Arts
Mastering Watercolour Landscapes. Discover the secrets of Watercolour Landscapes. This interactive workshop covers mastering wash techniques and light layers and more.,Visual Arts
Traditional Fluid Acrylic Pouring Class. Master Fluid Acrylic Pouring in this intensive masterclass. We focus on creating abstract cells and color gradients for all levels.,Visual Arts
"Traditional Oil Painting Basics Class. An immersive experience in Oil Painting Basics. Perfect for those interested in layering, blending, and texture development.",Visual Arts
"Traditional Photography Masterclass Class. Master Photography Masterclass in this intensive masterclass. We focus on light, composition, and manual camera control for all levels.",Visual Arts
"Mastering Photography Masterclass. Learn the art of Photography Masterclass. Join our expert-led session to master light, composition, and manual camera control.",Visual Arts
Mastering Block Printing. Learn the art of Block Printing. Join our expert-led session to master hand-carving blocks for textile design.,Visual Arts
Traditional Calligraphy Class. Discover the secrets of Calligraphy. This interactive workshop covers elegant script strokes and ink management and more.,Visual Arts
Calligraphy Workshop. Unleash your creativity with Calligraphy. A dedicated space for elegant script strokes and ink management.,Visual Arts
"Traditional Oil Painting Basics Class. Unleash your creativity with Oil Painting Basics. A dedicated space for layering, blending, and texture development.",Visual Arts
Block Printing: Beginner to Pro. Learn the art of Block Printing. Join our expert-led session to master hand-carving blocks for textile design.,Visual Arts
Thanka Painting: Beginner to Pro. Traditional Thanka Painting session. Connect with the roots of sacred geometry and gold leaf application.,Visual Arts
Digital Illustration Experience. An immersive experience in Digital Illustration. Perfect for those interested in procreate techniques for modern artists.,Visual Arts
The Art of Block Printing. Discover the secrets of Block Printing. This interactive workshop covers hand-carving blocks for textile design and more.,Visual Arts
"Traditional Photography Masterclass Class. Learn the art of Photography Masterclass. Join our expert-led session to master light, composition, and manual camera control.",Visual Arts
"Oil Painting Basics Workshop. Discover the secrets of Oil Painting Basics. This interactive workshop covers layering, blending, and texture development and more.",Visual Arts
Traditional Graffiti & Street Art Class. Practical Graffiti & Street Art workshop. Hands-on learning focused on spray can control and mural design.,Visual Arts
Block Printing: Beginner to Pro. Discover the secrets of Block Printing. This interactive workshop covers hand-carving blocks for textile design and more.,Visual Arts
Graffiti & Street Art Workshop. An immersive experience in Graffiti & Street Art. Perfect for those interested in spray can control and mural design.,Visual Arts
Thanka Painting: Beginner to Pro. Practical Thanka Painting workshop. Hands-on learning focused on sacred geometry and gold leaf application.,Visual Arts
Graffiti & Street Art Experience. Discover the secrets of Graffiti & Street Art. This interactive workshop covers spray can control and mural design and more.,Visual Arts
"Photography Masterclass: Beginner to Pro. Traditional Photography Masterclass session. Connect with the roots of light, composition, and manual camera control.",Visual Arts
Digital Illustration: Beginner to Pro. Traditional Digital Illustration session. Connect with the roots of procreate techniques for modern artists.,Visual Arts
Graffiti & Street Art Experience. Unleash your creativity with Graffiti & Street Art. A dedicated space for spray can control and mural design.,Visual Arts
The Art of Graffiti & Street Art. Discover the secrets of Graffiti & Street Art. This interactive workshop covers spray can control and mural design and more.,Visual Arts
Graffiti & Street Art Workshop. Master Graffiti & Street Art in this intensive masterclass. We focus on spray can control and mural design for all levels.,Visual Arts
Block Printing Experience. Master Block Printing in this intensive masterclass. We focus on hand-carving blocks for textile design for all levels.,Visual Arts
Traditional Fluid Acrylic Pouring Class. Traditional Fluid Acrylic Pouring session. Connect with the roots of creating abstract cells and color gradients.,Visual Arts
Thanka Painting Workshop. Practical Thanka Painting workshop. Hands-on learning focused on sacred geometry and gold leaf application.,Visual Arts
Introduction to Graffiti & Street Art. Traditional Graffiti & Street Art session. Connect with the roots of spray can control and mural design.,Visual Arts
Introduction to Graffiti & Street Art. Discover the secrets of Graffiti & Street Art. This interactive workshop covers spray can control and mural design and more.,Visual Arts
"Portrait Sketching Workshop. Practical Portrait Sketching workshop. Hands-on learning focused on anatomy, shading, and capturing human emotion.",Visual Arts
Mastering Graffiti & Street Art. Learn the art of Graffiti & Street Art. Join our expert-led session to master spray can control and mural design.,Visual Arts
Thanka Painting: Beginner to Pro. An immersive experience in Thanka Painting. Perfect for those interested in sacred geometry and gold leaf application.,Visual Arts
Block Printing Experience. Learn the art of Block Printing. Join our expert-led session to master hand-carving blocks for textile design.,Visual Arts
Mastering Watercolour Landscapes. Unleash your creativity with Watercolour Landscapes. A dedicated space for mastering wash techniques and light layers.,Visual Arts
"Introduction to Portrait Sketching. Learn the art of Portrait Sketching. Join our expert-led session to master anatomy, shading, and capturing human emotion.",Visual Arts
"Introduction to Oil Painting Basics. Practical Oil Painting Basics workshop. Hands-on learning focused on layering, blending, and texture development.",Visual Arts
Calligraphy Workshop. An immersive experience in Calligraphy. Perfect for those interested in elegant script strokes and ink management.,Visual Arts
The Art of Thanka Painting. An immersive experience in Thanka Painting. Perfect for those interested in sacred geometry and gold leaf application.,Visual Arts
Digital Illustration: Beginner to Pro. Traditional Digital Illustration session. Connect with the roots of procreate techniques for modern artists.,Visual Arts
Traditional Fluid Acrylic Pouring Class. An immersive experience in Fluid Acrylic Pouring. Perfect for those interested in creating abstract cells and color gradients.,Visual Arts
Traditional Calligraphy Class. Traditional Calligraphy session. Connect with the roots of elegant script strokes and ink management.,Visual Arts
Block Printing Experience. Unleash your creativity with Block Printing. A dedicated space for hand-carving blocks for textile design.,Visual Arts
Digital Illustration Workshop. Learn the art of Digital Illustration. Join our expert-led session to master procreate techniques for modern artists.,Visual Arts
"Photography Masterclass Workshop. Traditional Photography Masterclass session. Connect with the roots of light, composition, and manual camera control.",Visual Arts
The Art of Digital Illustration. Discover the secrets of Digital Illustration. This interactive workshop covers procreate techniques for modern artists and more.,Visual Arts
"Introduction to Photography Masterclass. Master Photography Masterclass in this intensive masterclass. We focus on light, composition, and manual camera control for all levels.",Visual Arts
"Mastering Photography Masterclass. Learn the art of Photography Masterclass. Join our expert-led session to master light, composition, and manual camera control.",Visual Arts
The Art of Watercolour Landscapes. Learn the art of Watercolour Landscapes. Join our expert-led session to master mastering wash techniques and light layers.,Visual Arts
Graffiti & Street Art: Beginner to Pro. An immersive experience in Graffiti & Street Art. Perfect for those interested in spray can control and mural design.,Visual Arts
Digital Illustration Experience. Master Digital Illustration in this intensive masterclass. We focus on procreate techniques for modern artists for all levels.,Visual Arts
Introduction to Watercolour Landscapes. Learn the art of Watercolour Landscapes. Join our expert-led session to master mastering wash techniques and light layers.,Visual Arts
The Art of Thanka Painting. Unleash your creativity with Thanka Painting. A dedicated space for sacred geometry and gold leaf application.,Visual Arts
Introduction to Digital Illustration. Learn the art of Digital Illustration. Join our expert-led session to master procreate techniques for modern artists.,Visual Arts
Graffiti & Street Art Experience. Discover the secrets of Graffiti & Street Art. This interactive workshop covers spray can control and mural design and more.,Visual Arts
Traditional Calligraphy Class. Master Calligraphy in this intensive masterclass. We focus on elegant script strokes and ink management for all levels.,Visual Arts
Watercolour Landscapes Workshop. Master Watercolour Landscapes in this intensive masterclass. We focus on mastering wash techniques and light layers for all levels.,Visual Arts
Block Printing: Beginner to Pro. Practical Block Printing workshop. Hands-on learning focused on hand-carving blocks for textile design.,Visual Arts
"Introduction to Portrait Sketching. Practical Portrait Sketching workshop. Hands-on learning focused on anatomy, shading, and capturing human emotion.",Visual Arts
The Art of Watercolour Landscapes. Practical Watercolour Landscapes workshop. Hands-on learning focused on mastering wash techniques and light layers.,Visual Arts
Block Printing: Beginner to Pro. Discover the secrets of Block Printing. This interactive workshop covers hand-carving blocks for textile design and more.,Visual Arts
"Portrait Sketching: Beginner to Pro. Unleash your creativity with Portrait Sketching. A dedicated space for anatomy, shading, and capturing human emotion.",Visual Arts
"Introduction to Oil Painting Basics. Traditional Oil Painting Basics session. Connect with the roots of layering, blending, and texture development.",Visual Arts
"Introduction to Oil Painting Basics. Master Oil Painting Basics in this intensive masterclass. We focus on layering, blending, and texture development for all levels.",Visual Arts
The Art of Watercolour Landscapes. Master Watercolour Landscapes in this intensive masterclass. We focus on mastering wash techniques and light layers for all levels.,Visual Arts
Mastering Watercolour Landscapes. Practical Watercolour Landscapes workshop. Hands-on learning focused on mastering wash techniques and light layers.,Visual Arts
Traditional Watercolour Landscapes Class. Learn the art of Watercolour Landscapes. Join our expert-led session to master mastering wash techniques and light layers.,Visual Arts
Mastering Watercolour Landscapes. Discover the secrets of Watercolour Landscapes. This interactive workshop covers mastering wash techniques and light layers and more.,Visual Arts
The Art of Watercolour Landscapes. Traditional Watercolour Landscapes session. Connect with the roots of mastering wash techniques and light layers.,Visual Arts
Mastering Digital Illustration. Master Digital Illustration in this intensive masterclass. We focus on procreate techniques for modern artists for all levels.,Visual Arts
"Portrait Sketching: Beginner to Pro. Practical Portrait Sketching workshop. Hands-on learning focused on anatomy, shading, and capturing human emotion.",Visual Arts
Graffiti & Street Art: Beginner to Pro. Discover the secrets of Graffiti & Street Art. This interactive workshop covers spray can control and mural design and more.,Visual Arts
Traditional Block Printing Class. Practical Block Printing workshop. Hands-on learning focused on hand-carving blocks for textile design.,Visual Arts
The Art of Calligraphy. Unleash your creativity with Calligraphy. A dedicated space for elegant script strokes and ink management.,Visual Arts
Digital Illustration Workshop. Unleash your creativity with Digital Illustration. A dedicated space for procreate techniques for modern artists.,Visual Arts
"Mastering Portrait Sketching. Master Portrait Sketching in this intensive masterclass. We focus on anatomy, shading, and capturing human emotion for all levels.",Visual Arts
Introduction to Digital Illustration. An immersive experience in Digital Illustration. Perfect for those interested in procreate techniques for modern artists.,Visual Arts
"Mastering Oil Painting Basics. An immersive experience in Oil Painting Basics. Perfect for those interested in layering, blending, and texture development.",Visual Arts
Watercolour Landscapes Workshop. Master Watercolour Landscapes in this intensive masterclass. We focus on mastering wash techniques and light layers for all levels.,Visual Arts
Graffiti & Street Art Workshop. Unleash your creativity with Graffiti & Street Art. A dedicated space for spray can control and mural design.,Visual Arts
Calligraphy Experience. Practical Calligraphy workshop. Hands-on learning focused on elegant script strokes and ink management.,Visual Arts
Mastering Watercolour Landscapes. An immersive experience in Watercolour Landscapes. Perfect for those interested in mastering wash techniques and light layers.,Visual Arts
Watercolour Landscapes: Beginner to Pro. An immersive experience in Watercolour Landscapes. Perfect for those interested in mastering wash techniques and light layers.,Visual Arts
Traditional Calligraphy Class. Practical Calligraphy workshop. Hands-on learning focused on elegant script strokes and ink management.,Visual Arts
Introduction to Watercolour Landscapes. Unleash your creativity with Watercolour Landscapes. A dedicated space for mastering wash techniques and light layers.,Visual Arts
The Art of Calligraphy. Practical Calligraphy workshop. Hands-on learning focused on elegant script strokes and ink management.,Visual Arts
Fluid Acrylic Pouring Workshop. Learn the art of Fluid Acrylic Pouring. Join our expert-led session to master creating abstract cells and color gradients.,Visual Arts
"The Art of Oil Painting Basics. Master Oil Painting Basics in this intensive masterclass. We focus on layering, blending, and texture development for all levels.",Visual Arts
The Art of Digital Illustration. Unleash your creativity with Digital Illustration. A dedicated space for procreate techniques for modern artists.,Visual Arts
Traditional Watercolour Landscapes Class. Discover the secrets of Watercolour Landscapes. This interactive workshop covers mastering wash techniques and light layers and more.,Visual Arts
"Oil Painting Basics: Beginner to Pro. Practical Oil Painting Basics workshop. Hands-on learning focused on layering, blending, and texture development.",Visual Arts
Introduction to Block Printing. Practical Block Printing workshop. Hands-on learning focused on hand-carving blocks for textile design.,Visual Arts
"Introduction to Portrait Sketching. Discover the secrets of Portrait Sketching. This interactive workshop covers anatomy, shading, and capturing human emotion and more.",Visual Arts
"The Art of Portrait Sketching. Learn the art of Portrait Sketching. Join our expert-led session to master anatomy, shading, and capturing human emotion.",Visual Arts
Digital Illustration Workshop. Master Digital Illustration in this intensive masterclass. We focus on procreate techniques for modern artists for all levels.,Visual Arts
Mastering Fluid Acrylic Pouring. Learn the art of Fluid Acrylic Pouring. Join our expert-led session to master creating abstract cells and color gradients.,Visual Arts
Calligraphy Workshop. Discover the secrets of Calligraphy. This interactive workshop covers elegant script strokes and ink management and more.,Visual Arts
Mastering Fluid Acrylic Pouring. Discover the secrets of Fluid Acrylic Pouring. This interactive workshop covers creating abstract cells and color gradients and more.,Visual Arts
Graffiti & Street Art: Beginner to Pro. Practical Graffiti & Street Art workshop. Hands-on learning focused on spray can control and mural design.,Visual Arts
"Traditional Portrait Sketching Class. Practical Portrait Sketching workshop. Hands-on learning focused on anatomy, shading, and capturing human emotion.",Visual Arts
Digital Illustration Workshop. Practical Digital Illustration workshop. Hands-on learning focused on procreate techniques for modern artists.,Visual Arts
Digital Illustration Experience. Learn the art of Digital Illustration. Join our expert-led session to master procreate techniques for modern artists.,Visual Arts
The Art of Calligraphy. Discover the secrets of Calligraphy. This interactive workshop covers elegant script strokes and ink management and more.,Visual Arts
Mastering Graffiti & Street Art. Master Graffiti & Street Art in this intensive masterclass. We focus on spray can control and mural design for all levels.,Visual Arts
Introduction to Watercolour Landscapes. Learn the art of Watercolour Landscapes. Join our expert-led session to master mastering wash techniques and light layers.,Visual Arts
Digital Illustration: Beginner to Pro. Traditional Digital Illustration session. Connect with the roots of procreate techniques for modern artists.,Visual Arts
Introduction to Block Printing. Unleash your creativity with Block Printing. A dedicated space for hand-carving blocks for textile design.,Visual Arts
Graffiti & Street Art Experience. Traditional Graffiti & Street Art session. Connect with the roots of spray can control and mural design.,Visual Arts
Block Printing Experience. Traditional Block Printing session. Connect with the roots of hand-carving blocks for textile design.,Visual Arts
The Art of Graffiti & Street Art. Unleash your creativity with Graffiti & Street Art. A dedicated space for spray can control and mural design.,Visual Arts
Digital Illustration Experience. Unleash your creativity with Digital Illustration. A dedicated space for procreate techniques for modern artists.,Visual Arts
Mastering Calligraphy. Master Calligraphy in this intensive masterclass. We focus on elegant script strokes and ink management for all levels.,Visual Arts
"Introduction to Photography Masterclass. Traditional Photography Masterclass session. Connect with the roots of light, composition, and manual camera control.",Visual Arts
The Art of Fluid Acrylic Pouring. Practical Fluid Acrylic Pouring workshop. Hands-on learning focused on creating abstract cells and color gradients.,Visual Arts
Thanka Painting Workshop. Learn the art of Thanka Painting. Join our expert-led session to master sacred geometry and gold leaf application.,Visual Arts
Mastering Watercolour Landscapes. Discover the secrets of Watercolour Landscapes. This interactive workshop covers mastering wash techniques and light layers and more.,Visual Arts
The Art of Calligraphy. An immersive experience in Calligraphy. Perfect for those interested in elegant script strokes and ink management.,Visual Arts
"Introduction to Photography Masterclass. Discover the secrets of Photography Masterclass. This interactive workshop covers light, composition, and manual camera control and more.",Visual Arts
"Introduction to Portrait Sketching. Discover the secrets of Portrait Sketching. This interactive workshop covers anatomy, shading, and capturing human emotion and more.",Visual Arts
Traditional Watercolour Landscapes Class. Master Watercolour Landscapes in this intensive masterclass. We focus on mastering wash techniques and light layers for all levels.,Visual Arts
Traditional Block Printing Class. Unleash your creativity with Block Printing. A dedicated space for hand-carving blocks for textile design.,Visual Arts
"Photography Masterclass Workshop. Learn the art of Photography Masterclass. Join our expert-led session to master light, composition, and manual camera control.",Visual Arts
Mastering Block Printing. Learn the art of Block Printing. Join our expert-led session to master hand-carving blocks for textile design.,Visual Arts
"Photography Masterclass Workshop. Traditional Photography Masterclass session. Connect with the roots of light, composition, and manual camera control.",Visual Arts
"Oil Painting Basics: Beginner to Pro. Unleash your creativity with Oil Painting Basics. A dedicated space for layering, blending, and texture development.",Visual Arts
Traditional Block Printing Class. Discover the secrets of Block Printing. This interactive workshop covers hand-carving blocks for textile design and more.,Visual Arts
"Portrait Sketching Experience. Unleash your creativity with Portrait Sketching. A dedicated space for anatomy, shading, and capturing human emotion.",Visual Arts
Fluid Acrylic Pouring Experience. Traditional Fluid Acrylic Pouring session. Connect with the roots of creating abstract cells and color gradients.,Visual Arts
"Traditional Photography Masterclass Class. Discover the secrets of Photography Masterclass. This interactive workshop covers light, composition, and manual camera control and more.",Visual Arts
Mastering Block Printing. An immersive experience in Block Printing. Perfect for those interested in hand-carving blocks for textile design.,Visual Arts
Mastering Graffiti & Street Art. Unleash your creativity with Graffiti & Street Art. A dedicated space for spray can control and mural design.,Visual Arts
Watercolour Landscapes Experience. Practical Watercolour Landscapes workshop. Hands-on learning focused on mastering wash techniques and light layers.,Visual Arts
Watercolour Landscapes Workshop. Master Watercolour Landscapes in this intensive masterclass. We focus on mastering wash techniques and light layers for all levels.,Visual Arts
"Introduction to Oil Painting Basics. Discover the secrets of Oil Painting Basics. This interactive workshop covers layering, blending, and texture development and more.",Visual Arts
Mastering Graffiti & Street Art. Master Graffiti & Street Art in this intensive masterclass. We focus on spray can control and mural design for all levels.,Visual Arts
"Oil Painting Basics Experience. Unleash your creativity with Oil Painting Basics. A dedicated space for layering, blending, and texture development.",Visual Arts
Graffiti & Street Art Experience. Practical Graffiti & Street Art workshop. Hands-on learning focused on spray can control and mural design.,Visual Arts
Watercolour Landscapes Experience. Traditional Watercolour Landscapes session. Connect with the roots of mastering wash techniques and light layers.,Visual Arts
"Oil Painting Basics: Beginner to Pro. Discover the secrets of Oil Painting Basics. This interactive workshop covers layering, blending, and texture development and more.",Visual Arts
Graffiti & Street Art Workshop. Practical Graffiti & Street Art workshop. Hands-on learning focused on spray can control and mural design.,Visual Arts
Introduction to Digital Illustration. Master Digital Illustration in this intensive masterclass. We focus on procreate techniques for modern artists for all levels.,Visual Arts
"Oil Painting Basics Workshop. Master Oil Painting Basics in this intensive masterclass. We focus on layering, blending, and texture development for all levels.",Visual Arts
Traditional Graffiti & Street Art Class. Unleash your creativity with Graffiti & Street Art. A dedicated space for spray can control and mural design.,Visual Arts
The Art of Thanka Painting. Discover the secrets of Thanka Painting. This interactive workshop covers sacred geometry and gold leaf application and more.,Visual Arts
Block Printing Workshop. Master Block Printing in this intensive masterclass. We focus on hand-carving blocks for textile design for all levels.,Visual Arts
"Oil Painting Basics Workshop. Master Oil Painting Basics in this intensive masterclass. We focus on layering, blending, and texture development for all levels.",Visual Arts
Fluid Acrylic Pouring Experience. Discover the secrets of Fluid Acrylic Pouring. This interactive workshop covers creating abstract cells and color gradients and more.,Visual Arts
Traditional Graffiti & Street Art Class. Master Graffiti & Street Art in this intensive masterclass. We focus on spray can control and mural design for all levels.,Visual Arts
Watercolour Landscapes Workshop. Discover the secrets of Watercolour Landscapes. This interactive workshop covers mastering wash techniques and light layers and more.,Visual Arts
Mastering Graffiti & Street Art. Unleash your creativity with Graffiti & Street Art. A dedicated space for spray can control and mural design.,Visual Arts
Mastering Graffiti & Street Art. Discover the secrets of Graffiti & Street Art. This interactive workshop covers spray can control and mural design and more.,Visual Arts
Mastering Watercolour Landscapes. Practical Watercolour Landscapes workshop. Hands-on learning focused on mastering wash techniques and light layers.,Visual Arts
"Oil Painting Basics Workshop. Master Oil Painting Basics in this intensive masterclass. We focus on layering, blending, and texture development for all levels.",Visual Arts
Mastering Thanka Painting. Learn the art of Thanka Painting. Join our expert-led session to master sacred geometry and gold leaf application.,Visual Arts
The Art of Block Printing. Discover the secrets of Block Printing. This interactive workshop covers hand-carving blocks for textile design and more.,Visual Arts
Mastering Digital Illustration. Traditional Digital Illustration session. Connect with the roots of procreate techniques for modern artists.,Visual Arts
Graffiti & Street Art: Beginner to Pro. Master Graffiti & Street Art in this intensive masterclass. We focus on spray can control and mural design for all levels.,Visual Arts
Mastering Calligraphy. Learn the art of Calligraphy. Join our expert-led session to master elegant script strokes and ink management.,Visual Arts
Block Printing Experience. Discover the secrets of Block Printing. This interactive workshop covers hand-carving blocks for textile design and more.,Visual Arts
Watercolour Landscapes Workshop. Learn the art of Watercolour Landscapes. Join our expert-led session to master mastering wash techniques and light layers.,Visual Arts
"Mastering Portrait Sketching. Unleash your creativity with Portrait Sketching. A dedicated space for anatomy, shading, and capturing human emotion.",Visual Arts
"Photography Masterclass: Beginner to Pro. Practical Photography Masterclass workshop. Hands-on learning focused on light, composition, and manual camera control.",Visual Arts
"Traditional Portrait Sketching Class. Master Portrait Sketching in this intensive masterclass. We focus on anatomy, shading, and capturing human emotion for all levels.",Visual Arts
Mastering Digital Illustration. An immersive experience in Digital Illustration. Perfect for those interested in procreate techniques for modern artists.,Visual Arts
Graffiti & Street Art Experience. An immersive experience in Graffiti & Street Art. Perfect for those interested in spray can control and mural design.,Visual Arts
Mastering Watercolour Landscapes. Discover the secrets of Watercolour Landscapes. This interactive workshop covers mastering wash techniques and light layers and more.,Visual Arts
Traditional Watercolour Landscapes Class. An immersive experience in Watercolour Landscapes. Perfect for those interested in mastering wash techniques and light layers.,Visual Arts
"Introduction to Photography Masterclass. An immersive experience in Photography Masterclass. Perfect for those interested in light, composition, and manual camera control.",Visual Arts
"Photography Masterclass Experience. Practical Photography Masterclass workshop. Hands-on learning focused on light, composition, and manual camera control.",Visual Arts
Graffiti & Street Art: Beginner to Pro. Discover the secrets of Graffiti & Street Art. This interactive workshop covers spray can control and mural design and more.,Visual Arts
The Art of Calligraphy. Learn the art of Calligraphy. Join our expert-led session to master elegant script strokes and ink management.,Visual Arts
Introduction to Calligraphy. An immersive experience in Calligraphy. Perfect for those interested in elegant script strokes and ink management.,Visual Arts
Traditional Watercolour Landscapes Class. Practical Watercolour Landscapes workshop. Hands-on learning focused on mastering wash techniques and light layers.,Visual Arts
"Photography Masterclass: Beginner to Pro. Practical Photography Masterclass workshop. Hands-on learning focused on light, composition, and manual camera control.",Visual Arts
Mastering Fluid Acrylic Pouring. Discover the secrets of Fluid Acrylic Pouring. This interactive workshop covers creating abstract cells and color gradients and more.,Visual Arts
Mastering Thanka Painting. Learn the art of Thanka Painting. Join our expert-led session to master sacred geometry and gold leaf application.,Visual Arts
"Photography Masterclass Workshop. Discover the secrets of Photography Masterclass. This interactive workshop covers light, composition, and manual camera control and more.",Visual Arts
"Mastering Portrait Sketching. Master Portrait Sketching in this intensive masterclass. We focus on anatomy, shading, and capturing human emotion for all levels.",Visual Arts
"Introduction to Oil Painting Basics. Practical Oil Painting Basics workshop. Hands-on learning focused on layering, blending, and texture development.",Visual Arts
"Traditional Oil Painting Basics Class. Unleash your creativity with Oil Painting Basics. A dedicated space for layering, blending, and texture development.",Visual Arts
Traditional Thanka Painting Class. Learn the art of Thanka Painting. Join our expert-led session to master sacred geometry and gold leaf application.,Visual Arts
Calligraphy Workshop. Practical Calligraphy workshop. Hands-on learning focused on elegant script strokes and ink management.,Visual Arts
Block Printing Experience. Discover the secrets of Block Printing. This interactive workshop covers hand-carving blocks for textile design and more.,Visual Arts
The Art of Thanka Painting. Master Thanka Painting in this intensive masterclass. We focus on sacred geometry and gold leaf application for all levels.,Visual Arts
"The Art of Oil Painting Basics. Unleash your creativity with Oil Painting Basics. A dedicated space for layering, blending, and texture development.",Visual Arts
"Oil Painting Basics Workshop. Unleash your creativity with Oil Painting Basics. A dedicated space for layering, blending, and texture development.",Visual Arts
Introduction to Block Printing. Master Block Printing in this intensive masterclass. We focus on hand-carving blocks for textile design for all levels.,Visual Arts
Block Printing: Beginner to Pro. Traditional Block Printing session. Connect with the roots of hand-carving blocks for textile design.,Visual Arts
Digital Illustration Experience. Practical Digital Illustration workshop. Hands-on learning focused on procreate techniques for modern artists.,Visual Arts
"Introduction to Oil Painting Basics. Traditional Oil Painting Basics session. Connect with the roots of layering, blending, and texture development.",Visual Arts
Introduction to Fluid Acrylic Pouring. Master Fluid Acrylic Pouring in this intensive masterclass. We focus on creating abstract cells and color gradients for all levels.,Visual Arts
Mastering Digital Illustration. Unleash your creativity with Digital Illustration. A dedicated space for procreate techniques for modern artists.,Visual Arts
Watercolour Landscapes Experience. Unleash your creativity with Watercolour Landscapes. A dedicated space for mastering wash techniques and light layers.,Visual Arts
Thanka Painting Workshop. Master Thanka Painting in this intensive masterclass. We focus on sacred geometry and gold leaf application for all levels.,Visual Arts
Mastering Graffiti & Street Art. Learn the art of Graffiti & Street Art. Join our expert-led session to master spray can control and mural design.,Visual Arts
Traditional Watercolour Landscapes Class. Learn the art of Watercolour Landscapes. Join our expert-led session to master mastering wash techniques and light layers.,Visual Arts
Block Printing: Beginner to Pro. Unleash your creativity with Block Printing. A dedicated space for hand-carving blocks for textile design.,Visual Arts
"Traditional Photography Masterclass Class. Master Photography Masterclass in this intensive masterclass. We focus on light, composition, and manual camera control for all levels.",Visual Arts
The Art of Graffiti & Street Art. Discover the secrets of Graffiti & Street Art. This interactive workshop covers spray can control and mural design and more.,Visual Arts
Traditional Thanka Painting Class. Discover the secrets of Thanka Painting. This interactive workshop covers sacred geometry and gold leaf application and more.,Visual Arts
Traditional Fluid Acrylic Pouring Class. Traditional Fluid Acrylic Pouring session. Connect with the roots of creating abstract cells and color gradients.,Visual Arts
Traditional Calligraphy Class. Unleash your creativity with Calligraphy. A dedicated space for elegant script strokes and ink management.,Visual Arts
Thanka Painting: Beginner to Pro. Traditional Thanka Painting session. Connect with the roots of sacred geometry and gold leaf application.,Visual Arts
Graffiti & Street Art: Beginner to Pro. Discover the secrets of Graffiti & Street Art. This interactive workshop covers spray can control and mural design and more.,Visual Arts
The Art of Watercolour Landscapes. Practical Watercolour Landscapes workshop. Hands-on learning focused on mastering wash techniques and light layers.,Visual Arts
"Oil Painting Basics: Beginner to Pro. Practical Oil Painting Basics workshop. Hands-on learning focused on layering, blending, and texture development.",Visual Arts
Thanka Painting Experience. Learn the art of Thanka Painting. Join our expert-led session to master sacred geometry and gold leaf application.,Visual Arts
Calligraphy: Beginner to Pro. Traditional Calligraphy session. Connect with the roots of elegant script strokes and ink management.,Visual Arts
"Photography Masterclass Experience. Master Photography Masterclass in this intensive masterclass. We focus on light, composition, and manual camera control for all levels.",Visual Arts
"Mastering Photography Masterclass. Unleash your creativity with Photography Masterclass. A dedicated space for light, composition, and manual camera control.",Visual Arts
The Art of Digital Illustration. Discover the secrets of Digital Illustration. This interactive workshop covers procreate techniques for modern artists and more.,Visual Arts
Mastering Calligraphy. Master Calligraphy in this intensive masterclass. We focus on elegant script strokes and ink management for all levels.,Visual Arts
"Mastering Oil Painting Basics. Traditional Oil Painting Basics session. Connect with the roots of layering, blending, and texture development.",Visual Arts
Introduction to Watercolour Landscapes. Discover the secrets of Watercolour Landscapes. This interactive workshop covers mastering wash techniques and light layers and more.,Visual Arts
"Oil Painting Basics Experience. Master Oil Painting Basics in this intensive masterclass. We focus on layering, blending, and texture development for all levels.",Visual Arts
Traditional Block Printing Class. Unleash your creativity with Block Printing. A dedicated space for hand-carving blocks for textile design.,Visual Arts
Traditional Graffiti & Street Art Class. Master Graffiti & Street Art in this intensive masterclass. We focus on spray can control and mural design for all levels.,Visual Arts
Watercolour Landscapes: Beginner to Pro. Practical Watercolour Landscapes workshop. Hands-on learning focused on mastering wash techniques and light layers.,Visual Arts
Traditional Watercolour Landscapes Class. Unleash your creativity with Watercolour Landscapes. A dedicated space for mastering wash techniques and light layers.,Visual Arts
"Introduction to Photography Masterclass. Unleash your creativity with Photography Masterclass. A dedicated space for light, composition, and manual camera control.",Visual Arts
Traditional Reiki Level 1 Class. Discover the secrets of Reiki Level 1. This interactive workshop covers energy healing and self-treatment basics and more.,Wellness & Mind
Ayurvedic Nutrition Workshop. Learn the art of Ayurvedic Nutrition. Join our expert-led session to master eating for your unique body constitution.,Wellness & Mind
Himalayan Yoga Flow Workshop. Practical Himalayan Yoga Flow workshop. Hands-on learning focused on connecting movement with high-altitude energy.,Wellness & Mind
Forest Bathing Workshop. Traditional Forest Bathing session. Connect with the roots of reconnecting with nature in the hills of Shivapuri.,Wellness & Mind
Tai Chi Basics: Beginner to Pro. Learn the art of Tai Chi Basics. Join our expert-led session to master gentle flowing movements for balance.,Wellness & Mind
Tai Chi Basics Experience. Learn the art of Tai Chi Basics. Join our expert-led session to master gentle flowing movements for balance.,Wellness & Mind
Aromatherapy Essentials Experience. Unleash your creativity with Aromatherapy Essentials. A dedicated space for blending oils for sleep and focus.,Wellness & Mind
Journaling for Clarity Workshop. Practical Journaling for Clarity workshop. Hands-on learning focused on structured prompts to reduce anxiety.,Wellness & Mind
Tai Chi Basics: Beginner to Pro. Discover the secrets of Tai Chi Basics. This interactive workshop covers gentle flowing movements for balance and more.,Wellness & Mind
Introduction to Sound Healing. Traditional Sound Healing session. Connect with the roots of using Tibetan singing bowls for relaxation.,Wellness & Mind
The Art of Forest Bathing. Practical Forest Bathing workshop. Hands-on learning focused on reconnecting with nature in the hills of Shivapuri.,Wellness & Mind
Journaling for Clarity Workshop. Master Journaling for Clarity in this intensive masterclass. We focus on structured prompts to reduce anxiety for all levels.,Wellness & Mind
The Art of Reiki Level 1. Practical Reiki Level 1 workshop. Hands-on learning focused on energy healing and self-treatment basics.,Wellness & Mind
Himalayan Yoga Flow Workshop. An immersive experience in Himalayan Yoga Flow. Perfect for those interested in connecting movement with high-altitude energy.,Wellness & Mind
Introduction to Ayurvedic Nutrition. An immersive experience in Ayurvedic Nutrition. Perfect for those interested in eating for your unique body constitution.,Wellness & Mind
Himalayan Yoga Flow: Beginner to Pro. Master Himalayan Yoga Flow in this intensive masterclass. We focus on connecting movement with high-altitude energy for all levels.,Wellness & Mind
Traditional Ayurvedic Nutrition Class. Master Ayurvedic Nutrition in this intensive masterclass. We focus on eating for your unique body constitution for all levels.,Wellness & Mind
Mastering Tai Chi Basics. Practical Tai Chi Basics workshop. Hands-on learning focused on gentle flowing movements for balance.,Wellness & Mind
Ayurvedic Nutrition: Beginner to Pro. Discover the secrets of Ayurvedic Nutrition. This interactive workshop covers eating for your unique body constitution and more.,Wellness & Mind
Introduction to Forest Bathing. Learn the art of Forest Bathing. Join our expert-led session to master reconnecting with nature in the hills of Shivapuri.,Wellness & Mind
Traditional Vipassana Meditation Class. Traditional Vipassana Meditation session. Connect with the roots of mindfulness and breath awareness techniques.,Wellness & Mind
Forest Bathing Workshop. Master Forest Bathing in this intensive masterclass. We focus on reconnecting with nature in the hills of Shivapuri for all levels.,Wellness & Mind
Traditional Forest Bathing Class. Discover the secrets of Forest Bathing. This interactive workshop covers reconnecting with nature in the hills of Shivapuri and more.,Wellness & Mind
Himalayan Yoga Flow: Beginner to Pro. Discover the secrets of Himalayan Yoga Flow. This interactive workshop covers connecting movement with high-altitude energy and more.,Wellness & Mind
Pranayama Breathwork Workshop. Practical Pranayama Breathwork workshop. Hands-on learning focused on ancient techniques for nervous system calm.,Wellness & Mind
Mastering Pranayama Breathwork. Practical Pranayama Breathwork workshop. Hands-on learning focused on ancient techniques for nervous system calm.,Wellness & Mind
Introduction to Tai Chi Basics. Learn the art of Tai Chi Basics. Join our expert-led session to master gentle flowing movements for balance.,Wellness & Mind
Introduction to Forest Bathing. An immersive experience in Forest Bathing. Perfect for those interested in reconnecting with nature in the hills of Shivapuri.,Wellness & Mind
Introduction to Sound Healing. Discover the secrets of Sound Healing. This interactive workshop covers using Tibetan singing bowls for relaxation and more.,Wellness & Mind
Aromatherapy Essentials Experience. Practical Aromatherapy Essentials workshop. Hands-on learning focused on blending oils for sleep and focus.,Wellness & Mind
Ayurvedic Nutrition: Beginner to Pro. An immersive experience in Ayurvedic Nutrition. Perfect for those interested in eating for your unique body constitution.,Wellness & Mind
Introduction to Journaling for Clarity. Discover the secrets of Journaling for Clarity. This interactive workshop covers structured prompts to reduce anxiety and more.,Wellness & Mind
Sound Healing Experience. Unleash your creativity with Sound Healing. A dedicated space for using Tibetan singing bowls for relaxation.,Wellness & Mind
Mastering Vipassana Meditation. Unleash your creativity with Vipassana Meditation. A dedicated space for mindfulness and breath awareness techniques.,Wellness & Mind
Traditional Ayurvedic Nutrition Class. Practical Ayurvedic Nutrition workshop. Hands-on learning focused on eating for your unique body constitution.,Wellness & Mind
Introduction to Forest Bathing. Learn the art of Forest Bathing. Join our expert-led session to master reconnecting with nature in the hills of Shivapuri.,Wellness & Mind
Himalayan Yoga Flow: Beginner to Pro. Learn the art of Himalayan Yoga Flow. Join our expert-led session to master connecting movement with high-altitude energy.,Wellness & Mind
Introduction to Reiki Level 1. Discover the secrets of Reiki Level 1. This interactive workshop covers energy healing and self-treatment basics and more.,Wellness & Mind
Himalayan Yoga Flow Experience. Learn the art of Himalayan Yoga Flow. Join our expert-led session to master connecting movement with high-altitude energy.,Wellness & Mind
Himalayan Yoga Flow Workshop. Learn the art of Himalayan Yoga Flow. Join our expert-led session to master connecting movement with high-altitude energy.,Wellness & Mind
Mastering Ayurvedic Nutrition. Discover the secrets of Ayurvedic Nutrition. This interactive workshop covers eating for your unique body constitution and more.,Wellness & Mind
The Art of Tai Chi Basics. Unleash your creativity with Tai Chi Basics. A dedicated space for gentle flowing movements for balance.,Wellness & Mind
Mastering Himalayan Yoga Flow. Practical Himalayan Yoga Flow workshop. Hands-on learning focused on connecting movement with high-altitude energy.,Wellness & Mind
Traditional Forest Bathing Class. Traditional Forest Bathing session. Connect with the roots of reconnecting with nature in the hills of Shivapuri.,Wellness & Mind
Traditional Journaling for Clarity Class. Master Journaling for Clarity in this intensive masterclass. We focus on structured prompts to reduce anxiety for all levels.,Wellness & Mind
Vipassana Meditation: Beginner to Pro. Traditional Vipassana Meditation session. Connect with the roots of mindfulness and breath awareness techniques.,Wellness & Mind
Traditional Pranayama Breathwork Class. Unleash your creativity with Pranayama Breathwork. A dedicated space for ancient techniques for nervous system calm.,Wellness & Mind
Mastering Tai Chi Basics. An immersive experience in Tai Chi Basics. Perfect for those interested in gentle flowing movements for balance.,Wellness & Mind
Pranayama Breathwork Experience. Practical Pranayama Breathwork workshop. Hands-on learning focused on ancient techniques for nervous system calm.,Wellness & Mind
Mastering Vipassana Meditation. Practical Vipassana Meditation workshop. Hands-on learning focused on mindfulness and breath awareness techniques.,Wellness & Mind
Himalayan Yoga Flow Experience. Practical Himalayan Yoga Flow workshop. Hands-on learning focused on connecting movement with high-altitude energy.,Wellness & Mind
Traditional Pranayama Breathwork Class. Unleash your creativity with Pranayama Breathwork. A dedicated space for ancient techniques for nervous system calm.,Wellness & Mind
Ayurvedic Nutrition Experience. Master Ayurvedic Nutrition in this intensive masterclass. We focus on eating for your unique body constitution for all levels.,Wellness & Mind
Traditional Himalayan Yoga Flow Class. Traditional Himalayan Yoga Flow session. Connect with the roots of connecting movement with high-altitude energy.,Wellness & Mind
The Art of Ayurvedic Nutrition. Unleash your creativity with Ayurvedic Nutrition. A dedicated space for eating for your unique body constitution.,Wellness & Mind
The Art of Tai Chi Basics. Practical Tai Chi Basics workshop. Hands-on learning focused on gentle flowing movements for balance.,Wellness & Mind
Himalayan Yoga Flow: Beginner to Pro. Traditional Himalayan Yoga Flow session. Connect with the roots of connecting movement with high-altitude energy.,Wellness & Mind
Pranayama Breathwork: Beginner to Pro. Practical Pranayama Breathwork workshop. Hands-on learning focused on ancient techniques for nervous system calm.,Wellness & Mind
Vipassana Meditation Experience. Discover the secrets of Vipassana Meditation. This interactive workshop covers mindfulness and breath awareness techniques and more.,Wellness & Mind
Introduction to Pranayama Breathwork. Learn the art of Pranayama Breathwork. Join our expert-led session to master ancient techniques for nervous system calm.,Wellness & Mind
Mastering Journaling for Clarity. Learn the art of Journaling for Clarity. Join our expert-led session to master structured prompts to reduce anxiety.,Wellness & Mind
Pranayama Breathwork Experience. Unleash your creativity with Pranayama Breathwork. A dedicated space for ancient techniques for nervous system calm.,Wellness & Mind
The Art of Pranayama Breathwork. Discover the secrets of Pranayama Breathwork. This interactive workshop covers ancient techniques for nervous system calm and more.,Wellness & Mind
Traditional Ayurvedic Nutrition Class. Traditional Ayurvedic Nutrition session. Connect with the roots of eating for your unique body constitution.,Wellness & Mind
Sound Healing Workshop. Unleash your creativity with Sound Healing. A dedicated space for using Tibetan singing bowls for relaxation.,Wellness & Mind
Traditional Journaling for Clarity Class. Learn the art of Journaling for Clarity. Join our expert-led session to master structured prompts to reduce anxiety.,Wellness & Mind
Mastering Journaling for Clarity. Unleash your creativity with Journaling for Clarity. A dedicated space for structured prompts to reduce anxiety.,Wellness & Mind
Introduction to Ayurvedic Nutrition. Unleash your creativity with Ayurvedic Nutrition. A dedicated space for eating for your unique body constitution.,Wellness & Mind
Introduction to Vipassana Meditation. Unleash your creativity with Vipassana Meditation. A dedicated space for mindfulness and breath awareness techniques.,Wellness & Mind
Journaling for Clarity Workshop. Traditional Journaling for Clarity session. Connect with the roots of structured prompts to reduce anxiety.,Wellness & Mind
Tai Chi Basics: Beginner to Pro. Learn the art of Tai Chi Basics. Join our expert-led session to master gentle flowing movements for balance.,Wellness & Mind
Reiki Level 1 Workshop. Discover the secrets of Reiki Level 1. This interactive workshop covers energy healing and self-treatment basics and more.,Wellness & Mind
Pranayama Breathwork: Beginner to Pro. Unleash your creativity with Pranayama Breathwork. A dedicated space for ancient techniques for nervous system calm.,Wellness & Mind
The Art of Himalayan Yoga Flow. Unleash your creativity with Himalayan Yoga Flow. A dedicated space for connecting movement with high-altitude energy.,Wellness & Mind
Introduction to Forest Bathing. Practical Forest Bathing workshop. Hands-on learning focused on reconnecting with nature in the hills of Shivapuri.,Wellness & Mind
Himalayan Yoga Flow Experience. Unleash your creativity with Himalayan Yoga Flow. A dedicated space for connecting movement with high-altitude energy.,Wellness & Mind
The Art of Himalayan Yoga Flow. Learn the art of Himalayan Yoga Flow. Join our expert-led session to master connecting movement with high-altitude energy.,Wellness & Mind
Vipassana Meditation Workshop. Practical Vipassana Meditation workshop. Hands-on learning focused on mindfulness and breath awareness techniques.,Wellness & Mind
Mastering Himalayan Yoga Flow. Practical Himalayan Yoga Flow workshop. Hands-on learning focused on connecting movement with high-altitude energy.,Wellness & Mind
Tai Chi Basics Workshop. Master Tai Chi Basics in this intensive masterclass. We focus on gentle flowing movements for balance for all levels.,Wellness & Mind
The Art of Journaling for Clarity. Unleash your creativity with Journaling for Clarity. A dedicated space for structured prompts to reduce anxiety.,Wellness & Mind
Traditional Tai Chi Basics Class. Traditional Tai Chi Basics session. Connect with the roots of gentle flowing movements for balance.,Wellness & Mind
The Art of Vipassana Meditation. Learn the art of Vipassana Meditation. Join our expert-led session to master mindfulness and breath awareness techniques.,Wellness & Mind
Mastering Vipassana Meditation. Practical Vipassana Meditation workshop. Hands-on learning focused on mindfulness and breath awareness techniques.,Wellness & Mind
Introduction to Pranayama Breathwork. Discover the secrets of Pranayama Breathwork. This interactive workshop covers ancient techniques for nervous system calm and more.,Wellness & Mind
Forest Bathing Workshop. Practical Forest Bathing workshop. Hands-on learning focused on reconnecting with nature in the hills of Shivapuri.,Wellness & Mind
Ayurvedic Nutrition: Beginner to Pro. Learn the art of Ayurvedic Nutrition. Join our expert-led session to master eating for your unique body constitution.,Wellness & Mind
Journaling for Clarity Experience. Master Journaling for Clarity in this intensive masterclass. We focus on structured prompts to reduce anxiety for all levels.,Wellness & Mind
Mastering Forest Bathing. Master Forest Bathing in this intensive masterclass. We focus on reconnecting with nature in the hills of Shivapuri for all levels.,Wellness & Mind
Introduction to Ayurvedic Nutrition. Practical Ayurvedic Nutrition workshop. Hands-on learning focused on eating for your unique body constitution.,Wellness & Mind
Traditional Sound Healing Class. Practical Sound Healing workshop. Hands-on learning focused on using Tibetan singing bowls for relaxation.,Wellness & Mind
Introduction to Himalayan Yoga Flow. Discover the secrets of Himalayan Yoga Flow. This interactive workshop covers connecting movement with high-altitude energy and more.,Wellness & Mind
Mastering Aromatherapy Essentials. Practical Aromatherapy Essentials workshop. Hands-on learning focused on blending oils for sleep and focus.,Wellness & Mind
Introduction to Reiki Level 1. Discover the secrets of Reiki Level 1. This interactive workshop covers energy healing and self-treatment basics and more.,Wellness & Mind
Ayurvedic Nutrition Experience. Unleash your creativity with Ayurvedic Nutrition. A dedicated space for eating for your unique body constitution.,Wellness & Mind
The Art of Aromatherapy Essentials. Discover the secrets of Aromatherapy Essentials. This interactive workshop covers blending oils for sleep and focus and more.,Wellness & Mind
Introduction to Reiki Level 1. Traditional Reiki Level 1 session. Connect with the roots of energy healing and self-treatment basics.,Wellness & Mind
Introduction to Himalayan Yoga Flow. Traditional Himalayan Yoga Flow session. Connect with the roots of connecting movement with high-altitude energy.,Wellness & Mind
Ayurvedic Nutrition: Beginner to Pro. Learn the art of Ayurvedic Nutrition. Join our expert-led session to master eating for your unique body constitution.,Wellness & Mind
Introduction to Forest Bathing. Master Forest Bathing in this intensive masterclass. We focus on reconnecting with nature in the hills of Shivapuri for all levels.,Wellness & Mind
The Art of Aromatherapy Essentials. Master Aromatherapy Essentials in this intensive masterclass. We focus on blending oils for sleep and focus for all levels.,Wellness & Mind
Sound Healing Experience. Practical Sound Healing workshop. Hands-on learning focused on using Tibetan singing bowls for relaxation.,Wellness & Mind
Mastering Sound Healing. Discover the secrets of Sound Healing. This interactive workshop covers using Tibetan singing bowls for relaxation and more.,Wellness & Mind
Traditional Reiki Level 1 Class. Master Reiki Level 1 in this intensive masterclass. We focus on energy healing and self-treatment basics for all levels.,Wellness & Mind
Introduction to Reiki Level 1. Unleash your creativity with Reiki Level 1. A dedicated space for energy healing and self-treatment basics.,Wellness & Mind
Aromatherapy Essentials: Beginner to Pro. Practical Aromatherapy Essentials workshop. Hands-on learning focused on blending oils for sleep and focus.,Wellness & Mind
The Art of Reiki Level 1. Learn the art of Reiki Level 1. Join our expert-led session to master energy healing and self-treatment basics.,Wellness & Mind
Mastering Reiki Level 1. Traditional Reiki Level 1 session. Connect with the roots of energy healing and self-treatment basics.,Wellness & Mind
Reiki Level 1 Workshop. Unleash your creativity with Reiki Level 1. A dedicated space for energy healing and self-treatment basics.,Wellness & Mind
Introduction to Aromatherapy Essentials. Traditional Aromatherapy Essentials session. Connect with the roots of blending oils for sleep and focus.,Wellness & Mind
Traditional Forest Bathing Class. Learn the art of Forest Bathing. Join our expert-led session to master reconnecting with nature in the hills of Shivapuri.,Wellness & Mind
Introduction to Vipassana Meditation. Unleash your creativity with Vipassana Meditation. A dedicated space for mindfulness and breath awareness techniques.,Wellness & Mind
Sound Healing: Beginner to Pro. Traditional Sound Healing session. Connect with the roots of using Tibetan singing bowls for relaxation.,Wellness & Mind
Traditional Reiki Level 1 Class. An immersive experience in Reiki Level 1. Perfect for those interested in energy healing and self-treatment basics.,Wellness & Mind
Vipassana Meditation Experience. Practical Vipassana Meditation workshop. Hands-on learning focused on mindfulness and breath awareness techniques.,Wellness & Mind
The Art of Aromatherapy Essentials. Unleash your creativity with Aromatherapy Essentials. A dedicated space for blending oils for sleep and focus.,Wellness & Mind
Pranayama Breathwork: Beginner to Pro. Learn the art of Pranayama Breathwork. Join our expert-led session to master ancient techniques for nervous system calm.,Wellness & Mind
Ayurvedic Nutrition Experience. Traditional Ayurvedic Nutrition session. Connect with the roots of eating for your unique body constitution.,Wellness & Mind
Pranayama Breathwork: Beginner to Pro. An immersive experience in Pranayama Breathwork. Perfect for those interested in ancient techniques for nervous system calm.,Wellness & Mind
The Art of Tai Chi Basics. Learn the art of Tai Chi Basics. Join our expert-led session to master gentle flowing movements for balance.,Wellness & Mind
Sound Healing: Beginner to Pro. Practical Sound Healing workshop. Hands-on learning focused on using Tibetan singing bowls for relaxation.,Wellness & Mind
Mastering Reiki Level 1. An immersive experience in Reiki Level 1. Perfect for those interested in energy healing and self-treatment basics.,Wellness & Mind
Mastering Sound Healing. Unleash your creativity with Sound Healing. A dedicated space for using Tibetan singing bowls for relaxation.,Wellness & Mind
Aromatherapy Essentials: Beginner to Pro. Traditional Aromatherapy Essentials session. Connect with the roots of blending oils for sleep and focus.,Wellness & Mind
Tai Chi Basics Experience. Unleash your creativity with Tai Chi Basics. A dedicated space for gentle flowing movements for balance.,Wellness & Mind
Introduction to Sound Healing. Discover the secrets of Sound Healing. This interactive workshop covers using Tibetan singing bowls for relaxation and more.,Wellness & Mind
Traditional Journaling for Clarity Class. Practical Journaling for Clarity workshop. Hands-on learning focused on structured prompts to reduce anxiety.,Wellness & Mind
Traditional Journaling for Clarity Class. Unleash your creativity with Journaling for Clarity. A dedicated space for structured prompts to reduce anxiety.,Wellness & Mind
Traditional Himalayan Yoga Flow Class. Learn the art of Himalayan Yoga Flow. Join our expert-led session to master connecting movement with high-altitude energy.,Wellness & Mind
Traditional Sound Healing Class. Traditional Sound Healing session. Connect with the roots of using Tibetan singing bowls for relaxation.,Wellness & Mind
The Art of Tai Chi Basics. An immersive experience in Tai Chi Basics. Perfect for those interested in gentle flowing movements for balance.,Wellness & Mind
Traditional Aromatherapy Essentials Class. Master Aromatherapy Essentials in this intensive masterclass. We focus on blending oils for sleep and focus for all levels.,Wellness & Mind
Journaling for Clarity Workshop. Discover the secrets of Journaling for Clarity. This interactive workshop covers structured prompts to reduce anxiety and more.,Wellness & Mind
Mastering Himalayan Yoga Flow. Practical Himalayan Yoga Flow workshop. Hands-on learning focused on connecting movement with high-altitude energy.,Wellness & Mind
Introduction to Himalayan Yoga Flow. Practical Himalayan Yoga Flow workshop. Hands-on learning focused on connecting movement with high-altitude energy.,Wellness & Mind
Tai Chi Basics Experience. Learn the art of Tai Chi Basics. Join our expert-led session to master gentle flowing movements for balance.,Wellness & Mind
The Art of Reiki Level 1. Discover the secrets of Reiki Level 1. This interactive workshop covers energy healing and self-treatment basics and more.,Wellness & Mind
The Art of Aromatherapy Essentials. Discover the secrets of Aromatherapy Essentials. This interactive workshop covers blending oils for sleep and focus and more.,Wellness & Mind
Introduction to Tai Chi Basics. An immersive experience in Tai Chi Basics. Perfect for those interested in gentle flowing movements for balance.,Wellness & Mind
Traditional Ayurvedic Nutrition Class. Practical Ayurvedic Nutrition workshop. Hands-on learning focused on eating for your unique body constitution.,Wellness & Mind
Introduction to Reiki Level 1. Unleash your creativity with Reiki Level 1. A dedicated space for energy healing and self-treatment basics.,Wellness & Mind
Forest Bathing: Beginner to Pro. Traditional Forest Bathing session. Connect with the roots of reconnecting with nature in the hills of Shivapuri.,Wellness & Mind
The Art of Ayurvedic Nutrition. Traditional Ayurvedic Nutrition session. Connect with the roots of eating for your unique body constitution.,Wellness & Mind
Traditional Vipassana Meditation Class. Master Vipassana Meditation in this intensive masterclass. We focus on mindfulness and breath awareness techniques for all levels.,Wellness & Mind
Traditional Forest Bathing Class. Traditional Forest Bathing session. Connect with the roots of reconnecting with nature in the hills of Shivapuri.,Wellness & Mind
Introduction to Aromatherapy Essentials. Traditional Aromatherapy Essentials session. Connect with the roots of blending oils for sleep and focus.,Wellness & Mind
The Art of Aromatherapy Essentials. An immersive experience in Aromatherapy Essentials. Perfect for those interested in blending oils for sleep and focus.,Wellness & Mind
Reiki Level 1 Workshop. Unleash your creativity with Reiki Level 1. A dedicated space for energy healing and self-treatment basics.,Wellness & Mind
Sound Healing Experience. Discover the secrets of Sound Healing. This interactive workshop covers using Tibetan singing bowls for relaxation and more.,Wellness & Mind
Mastering Pranayama Breathwork. Unleash your creativity with Pranayama Breathwork. A dedicated space for ancient techniques for nervous system calm.,Wellness & Mind
Forest Bathing Experience. Master Forest Bathing in this intensive masterclass. We focus on reconnecting with nature in the hills of Shivapuri for all levels.,Wellness & Mind
Mastering Journaling for Clarity. Traditional Journaling for Clarity session. Connect with the roots of structured prompts to reduce anxiety.,Wellness & Mind
Mastering Pranayama Breathwork. An immersive experience in Pranayama Breathwork. Perfect for those interested in ancient techniques for nervous system calm.,Wellness & Mind
Forest Bathing: Beginner to Pro. An immersive experience in Forest Bathing. Perfect for those interested in reconnecting with nature in the hills of Shivapuri.,Wellness & Mind
Introduction to Journaling for Clarity. Learn the art of Journaling for Clarity. Join our expert-led session to master structured prompts to reduce anxiety.,Wellness & Mind
Introduction to Forest Bathing. Practical Forest Bathing workshop. Hands-on learning focused on reconnecting with nature in the hills of Shivapuri.,Wellness & Mind
The Art of Sound Healing. Unleash your creativity with Sound Healing. A dedicated space for using Tibetan singing bowls for relaxation.,Wellness & Mind
The Art of Forest Bathing. Unleash your creativity with Forest Bathing. A dedicated space for reconnecting with nature in the hills of Shivapuri.,Wellness & Mind
Pranayama Breathwork: Beginner to Pro. Unleash your creativity with Pranayama Breathwork. A dedicated space for ancient techniques for nervous system calm.,Wellness & Mind
Introduction to Journaling for Clarity. Master Journaling for Clarity in this intensive masterclass. We focus on structured prompts to reduce anxiety for all levels.,Wellness & Mind
Traditional Reiki Level 1 Class. Unleash your creativity with Reiki Level 1. A dedicated space for energy healing and self-treatment basics.,Wellness & Mind
Journaling for Clarity: Beginner to Pro. Practical Journaling for Clarity workshop. Hands-on learning focused on structured prompts to reduce anxiety.,Wellness & Mind
Mastering Journaling for Clarity. Unleash your creativity with Journaling for Clarity. A dedicated space for structured prompts to reduce anxiety.,Wellness & Mind
Himalayan Yoga Flow Workshop. An immersive experience in Himalayan Yoga Flow. Perfect for those interested in connecting movement with high-altitude energy.,Wellness & Mind
Reiki Level 1: Beginner to Pro. Traditional Reiki Level 1 session. Connect with the roots of energy healing and self-treatment basics.,Wellness & Mind
Mastering Forest Bathing. Unleash your creativity with Forest Bathing. A dedicated space for reconnecting with nature in the hills of Shivapuri.,Wellness & Mind
The Art of Vipassana Meditation. Unleash your creativity with Vipassana Meditation. A dedicated space for mindfulness and breath awareness techniques.,Wellness & Mind
Aromatherapy Essentials: Beginner to Pro. Unleash your creativity with Aromatherapy Essentials. A dedicated space for blending oils for sleep and focus.,Wellness & Mind
Traditional Ayurvedic Nutrition Class. Discover the secrets of Ayurvedic Nutrition. This interactive workshop covers eating for your unique body constitution and more.,Wellness & Mind
Mastering Forest Bathing. Traditional Forest Bathing session. Connect with the roots of reconnecting with nature in the hills of Shivapuri.,Wellness & Mind
Mastering Ayurvedic Nutrition. Master Ayurvedic Nutrition in this intensive masterclass. We focus on eating for your unique body constitution for all levels.,Wellness & Mind
Aromatherapy Essentials Workshop. An immersive experience in Aromatherapy Essentials. Perfect for those interested in blending oils for sleep and focus.,Wellness & Mind
Traditional Vipassana Meditation Class. Master Vipassana Meditation in this intensive masterclass. We focus on mindfulness and breath awareness techniques for all levels.,Wellness & Mind
Forest Bathing: Beginner to Pro. An immersive experience in Forest Bathing. Perfect for those interested in reconnecting with nature in the hills of Shivapuri.,Wellness & Mind
Traditional Vipassana Meditation Class. Learn the art of Vipassana Meditation. Join our expert-led session to master mindfulness and breath awareness techniques.,Wellness & Mind
Vipassana Meditation Experience. An immersive experience in Vipassana Meditation. Perfect for those interested in mindfulness and breath awareness techniques.,Wellness & Mind
Journaling for Clarity Experience. Master Journaling for Clarity in this intensive masterclass. We focus on structured prompts to reduce anxiety for all levels.,Wellness & Mind
Traditional Pranayama Breathwork Class. Practical Pranayama Breathwork workshop. Hands-on learning focused on ancient techniques for nervous system calm.,Wellness & Mind
The Art of Reiki Level 1. Traditional Reiki Level 1 session. Connect with the roots of energy healing and self-treatment basics.,Wellness & Mind
Traditional Sound Healing Class. Unleash your creativity with Sound Healing. A dedicated space for using Tibetan singing bowls for relaxation.,Wellness & Mind
The Art of Ayurvedic Nutrition. Master Ayurvedic Nutrition in this intensive masterclass. We focus on eating for your unique body constitution for all levels.,Wellness & Mind
Mastering Journaling for Clarity. Unleash your creativity with Journaling for Clarity. A dedicated space for structured prompts to reduce anxiety.,Wellness & Mind
The Art of Ayurvedic Nutrition. Master Ayurvedic Nutrition in this intensive masterclass. We focus on eating for your unique body constitution for all levels.,Wellness & Mind
Mastering Tai Chi Basics. Discover the secrets of Tai Chi Basics. This interactive workshop covers gentle flowing movements for balance and more.,Wellness & Mind
Himalayan Yoga Flow Workshop. An immersive experience in Himalayan Yoga Flow. Perfect for those interested in connecting movement with high-altitude energy.,Wellness & Mind
Vipassana Meditation: Beginner to Pro. Master Vipassana Meditation in this intensive masterclass. We focus on mindfulness and breath awareness techniques for all levels.,Wellness & Mind
Pranayama Breathwork Workshop. Learn the art of Pranayama Breathwork. Join our expert-led session to master ancient techniques for nervous system calm.,Wellness & Mind
Aromatherapy Essentials Workshop. An immersive experience in Aromatherapy Essentials. Perfect for those interested in blending oils for sleep and focus.,Wellness & Mind
Introduction to Aromatherapy Essentials. Master Aromatherapy Essentials in this intensive masterclass. We focus on blending oils for sleep and focus for all levels.,Wellness & Mind
The Art of Aromatherapy Essentials. Unleash your creativity with Aromatherapy Essentials. A dedicated space for blending oils for sleep and focus.,Wellness & Mind
Reiki Level 1 Workshop. Practical Reiki Level 1 workshop. Hands-on learning focused on energy healing and self-treatment basics.,Wellness & Mind
Traditional Forest Bathing Class. Practical Forest Bathing workshop. Hands-on learning focused on reconnecting with nature in the hills of Shivapuri.,Wellness & Mind
Journaling for Clarity Workshop. An immersive experience in Journaling for Clarity. Perfect for those interested in structured prompts to reduce anxiety.,Wellness & Mind
Mastering Pranayama Breathwork. Practical Pranayama Breathwork workshop. Hands-on learning focused on ancient techniques for nervous system calm.,Wellness & Mind
Traditional Reiki Level 1 Class. Practical Reiki Level 1 workshop. Hands-on learning focused on energy healing and self-treatment basics.,Wellness & Mind
Ayurvedic Nutrition Experience. Master Ayurvedic Nutrition in this intensive masterclass. We focus on eating for your unique body constitution for all levels.,Wellness & Mind
Mastering Aromatherapy Essentials. Practical Aromatherapy Essentials workshop. Hands-on learning focused on blending oils for sleep and focus.,Wellness & Mind
Mastering Tai Chi Basics. Discover the secrets of Tai Chi Basics. This interactive workshop covers gentle flowing movements for balance and more.,Wellness & Mind
Introduction to Reiki Level 1. Unleash your creativity with Reiki Level 1. A dedicated space for energy healing and self-treatment basics.,Wellness & Mind
Journaling for Clarity: Beginner to Pro. Practical Journaling for Clarity workshop. Hands-on learning focused on structured prompts to reduce anxiety.,Wellness & Mind
Journaling for Clarity: Beginner to Pro. An immersive experience in Journaling for Clarity. Perfect for those interested in structured prompts to reduce anxiety.,Wellness & Mind
Aromatherapy Essentials: Beginner to Pro. Unleash your creativity with Aromatherapy Essentials. A dedicated space for blending oils for sleep and focus.,Wellness & Mind
The Art of Vipassana Meditation. Practical Vipassana Meditation workshop. Hands-on learning focused on mindfulness and breath awareness techniques.,Wellness & Mind
Ayurvedic Nutrition Workshop. Unleash your creativity with Ayurvedic Nutrition. A dedicated space for eating for your unique body constitution.,Wellness & Mind
Vipassana Meditation: Beginner to Pro. Traditional Vipassana Meditation session. Connect with the roots of mindfulness and breath awareness techniques.,Wellness & Mind
The Art of Ayurvedic Nutrition. Unleash your creativity with Ayurvedic Nutrition. A dedicated space for eating for your unique body constitution.,Wellness & Mind
Forest Bathing: Beginner to Pro. Practical Forest Bathing workshop. Hands-on learning focused on reconnecting with nature in the hills of Shivapuri.,Wellness & Mind
Journaling for Clarity Experience. Traditional Journaling for Clarity session. Connect with the roots of structured prompts to reduce anxiety.,Wellness & Mind
The Art of Forest Bathing. Discover the secrets of Forest Bathing. This interactive workshop covers reconnecting with nature in the hills of Shivapuri and more.,Wellness & Mind
Ayurvedic Nutrition: Beginner to Pro. Master Ayurvedic Nutrition in this intensive masterclass. We focus on eating for your unique body constitution for all levels.,Wellness & Mind
The Art of Reiki Level 1. An immersive experience in Reiki Level 1. Perfect for those interested in energy healing and self-treatment basics.,Wellness & Mind
Mastering Forest Bathing. Learn the art of Forest Bathing. Join our expert-led session to master reconnecting with nature in the hills of Shivapuri.,Wellness & Mind
The Art of Himalayan Yoga Flow. Traditional Himalayan Yoga Flow session. Connect with the roots of connecting movement with high-altitude energy.,Wellness & Mind
Traditional Aromatherapy Essentials Class. Discover the secrets of Aromatherapy Essentials. This interactive workshop covers blending oils for sleep and focus and more.,Wellness & Mind
Tai Chi Basics Experience. Learn the art of Tai Chi Basics. Join our expert-led session to master gentle flowing movements for balance.,Wellness & Mind
Traditional Aromatherapy Essentials Class. Unleash your creativity with Aromatherapy Essentials. A dedicated space for blending oils for sleep and focus.,Wellness & Mind
The Art of Sound Healing. Learn the art of Sound Healing. Join our expert-led session to master using Tibetan singing bowls for relaxation.,Wellness & Mind
The Art of Forest Bathing. Practical Forest Bathing workshop. Hands-on learning focused on reconnecting with nature in the hills of Shivapuri.,Wellness & Mind
Introduction to Aromatherapy Essentials. Practical Aromatherapy Essentials workshop. Hands-on learning focused on blending oils for sleep and focus.,Wellness & Mind
Traditional Reiki Level 1 Class. Discover the secrets of Reiki Level 1. This interactive workshop covers energy healing and self-treatment basics and more.,Wellness & Mind
The Art of Himalayan Yoga Flow. Practical Himalayan Yoga Flow workshop. Hands-on learning focused on connecting movement with high-altitude energy.,Wellness & Mind
Reiki Level 1 Workshop. Practical Reiki Level 1 workshop. Hands-on learning focused on energy healing and self-treatment basics.,Wellness & Mind
Mastering Reiki Level 1. Practical Reiki Level 1 workshop. Hands-on learning focused on energy healing and self-treatment basics.,Wellness & Mind
The Art of Vipassana Meditation. Discover the secrets of Vipassana Meditation. This interactive workshop covers mindfulness and breath awareness techniques and more.,Wellness & Mind
Tai Chi Basics: Beginner to Pro. An immersive experience in Tai Chi Basics. Perfect for those interested in gentle flowing movements for balance.,Wellness & Mind
Pranayama Breathwork Experience. Learn the art of Pranayama Breathwork. Join our expert-led session to master ancient techniques for nervous system calm.,Wellness & Mind
Mastering Tai Chi Basics. Master Tai Chi Basics in this intensive masterclass. We focus on gentle flowing movements for balance for all levels.,Wellness & Mind
The Art of Reiki Level 1. Learn the art of Reiki Level 1. Join our expert-led session to master energy healing and self-treatment basics.,Wellness & Mind
Journaling for Clarity Workshop. Discover the secrets of Journaling for Clarity. This interactive workshop covers structured prompts to reduce anxiety and more.,Wellness & Mind
The Art of Reiki Level 1. An immersive experience in Reiki Level 1. Perfect for those interested in energy healing and self-treatment basics.,Wellness & Mind
The Art of Ayurvedic Nutrition. Unleash your creativity with Ayurvedic Nutrition. A dedicated space for eating for your unique body constitution.,Wellness & Mind
Mastering Tai Chi Basics. Discover the secrets of Tai Chi Basics. This interactive workshop covers gentle flowing movements for balance and more.,Wellness & Mind
Vipassana Meditation Experience. Learn the art of Vipassana Meditation. Join our expert-led session to master mindfulness and breath awareness techniques.,Wellness & Mind
Mastering Reiki Level 1. Master Reiki Level 1 in this intensive masterclass. We focus on energy healing and self-treatment basics for all levels.,Wellness & Mind
Introduction to Sound Healing. Learn the art of Sound Healing. Join our expert-led session to master using Tibetan singing bowls for relaxation.,Wellness & Mind
The Art of Himalayan Yoga Flow. Traditional Himalayan Yoga Flow session. Connect with the roots of connecting movement with high-altitude energy.,Wellness & Mind
Tai Chi Basics: Beginner to Pro. Traditional Tai Chi Basics session. Connect with the roots of gentle flowing movements for balance.,Wellness & Mind
Traditional Himalayan Yoga Flow Class. Learn the art of Himalayan Yoga Flow. Join our expert-led session to master connecting movement with high-altitude energy.,Wellness & Mind
Journaling for Clarity Experience. Traditional Journaling for Clarity session. Connect with the roots of structured prompts to reduce anxiety.,Wellness & Mind
Ayurvedic Nutrition Workshop. An immersive experience in Ayurvedic Nutrition. Perfect for those interested in eating for your unique body constitution.,Wellness & Mind
Introduction to Pranayama Breathwork. An immersive experience in Pranayama Breathwork. Perfect for those interested in ancient techniques for nervous system calm.,Wellness & Mind
Ayurvedic Nutrition: Beginner to Pro. Traditional Ayurvedic Nutrition session. Connect with the roots of eating for your unique body constitution.,Wellness & Mind
Traditional Reiki Level 1 Class. Traditional Reiki Level 1 session. Connect with the roots of energy healing and self-treatment basics.,Wellness & Mind
Mastering Tai Chi Basics. Learn the art of Tai Chi Basics. Join our expert-led session to master gentle flowing movements for balance.,Wellness & Mind
Mastering Pranayama Breathwork. An immersive experience in Pranayama Breathwork. Perfect for those interested in ancient techniques for nervous system calm.,Wellness & Mind
Pranayama Breathwork: Beginner to Pro. Practical Pranayama Breathwork workshop. Hands-on learning focused on ancient techniques for nervous system calm.,Wellness & Mind
Traditional Himalayan Yoga Flow Class. Practical Himalayan Yoga Flow workshop. Hands-on learning focused on connecting movement with high-altitude energy.,Wellness & Mind
Sound Healing Experience. Practical Sound Healing workshop. Hands-on learning focused on using Tibetan singing bowls for relaxation.,Wellness & Mind
Pranayama Breathwork: Beginner to Pro. Traditional Pranayama Breathwork session. Connect with the roots of ancient techniques for nervous system calm.,Wellness & Mind
Vipassana Meditation: Beginner to Pro. Discover the secrets of Vipassana Meditation. This interactive workshop covers mindfulness and breath awareness techniques and more.,Wellness & Mind
Introduction to Reiki Level 1. Learn the art of Reiki Level 1. Join our expert-led session to master energy healing and self-treatment basics.,Wellness & Mind
The Art of Vipassana Meditation. Learn the art of Vipassana Meditation. Join our expert-led session to master mindfulness and breath awareness techniques.,Wellness & Mind
Journaling for Clarity Workshop. An immersive experience in Journaling for Clarity. Perfect for those interested in structured prompts to reduce anxiety.,Wellness & Mind
The Art of Sound Healing. An immersive experience in Sound Healing. Perfect for those interested in using Tibetan singing bowls for relaxation.,Wellness & Mind
Himalayan Yoga Flow Workshop. Unleash your creativity with Himalayan Yoga Flow. A dedicated space for connecting movement with high-altitude energy.,Wellness & Mind
Forest Bathing Experience. Unleash your creativity with Forest Bathing. A dedicated space for reconnecting with nature in the hills of Shivapuri.,Wellness & Mind
Mastering Himalayan Yoga Flow. Unleash your creativity with Himalayan Yoga Flow. A dedicated space for connecting movement with high-altitude energy.,Wellness & Mind
The Art of Vipassana Meditation. Practical Vipassana Meditation workshop. Hands-on learning focused on mindfulness and breath awareness techniques.,Wellness & Mind
Mastering Tai Chi Basics. Discover the secrets of Tai Chi Basics. This interactive workshop covers gentle flowing movements for balance and more.,Wellness & Mind
The Art of Journaling for Clarity. Unleash your creativity with Journaling for Clarity. A dedicated space for structured prompts to reduce anxiety.,Wellness & Mind
The Art of Forest Bathing. An immersive experience in Forest Bathing. Perfect for those interested in reconnecting with nature in the hills of Shivapuri.,Wellness & Mind
Traditional Vipassana Meditation Class. Learn the art of Vipassana Meditation. Join our expert-led session to master mindfulness and breath awareness techniques.,Wellness & Mind
Himalayan Yoga Flow Experience. An immersive experience in Himalayan Yoga Flow. Perfect for those interested in connecting movement with high-altitude energy.,Wellness & Mind
Tai Chi Basics Experience. Master Tai Chi Basics in this intensive masterclass. We focus on gentle flowing movements for balance for all levels.,Wellness & Mind
Traditional Journaling for Clarity Class. Practical Journaling for Clarity workshop. Hands-on learning focused on structured prompts to reduce anxiety.,Wellness & Mind
The Art of Vipassana Meditation. An immersive experience in Vipassana Meditation. Perfect for those interested in mindfulness and breath awareness techniques.,Wellness & Mind
Mastering Vipassana Meditation. Learn the art of Vipassana Meditation. Join our expert-led session to master mindfulness and breath awareness techniques.,Wellness & Mind
Traditional Himalayan Yoga Flow Class. Unleash your creativity with Himalayan Yoga Flow. A dedicated space for connecting movement with high-altitude energy.,Wellness & Mind
Traditional Journaling for Clarity Class. Traditional Journaling for Clarity session. Connect with the roots of structured prompts to reduce anxiety.,Wellness & Mind
Traditional Aromatherapy Essentials Class. Discover the secrets of Aromatherapy Essentials. This interactive workshop covers blending oils for sleep and focus and more.,Wellness & Mind
The Art of Tai Chi Basics. Unleash your creativity with Tai Chi Basics. A dedicated space for gentle flowing movements for balance.,Wellness & Mind
Pranayama Breathwork: Beginner to Pro. Traditional Pranayama Breathwork session. Connect with the roots of ancient techniques for nervous system calm.,Wellness & Mind
Mastering Vipassana Meditation. Traditional Vipassana Meditation session. Connect with the roots of mindfulness and breath awareness techniques.,Wellness & Mind
Himalayan Yoga Flow Experience. Practical Himalayan Yoga Flow workshop. Hands-on learning focused on connecting movement with high-altitude energy.,Wellness & Mind
The Art of Forest Bathing. Practical Forest Bathing workshop. Hands-on learning focused on reconnecting with nature in the hills of Shivapuri.,Wellness & Mind
Journaling for Clarity Workshop. Discover the secrets of Journaling for Clarity. This interactive workshop covers structured prompts to reduce anxiety and more.,Wellness & Mind
Mastering Reiki Level 1. Discover the secrets of Reiki Level 1. This interactive workshop covers energy healing and self-treatment basics and more.,Wellness & Mind
Traditional Ayurvedic Nutrition Class. Learn the art of Ayurvedic Nutrition. Join our expert-led session to master eating for your unique body constitution.,Wellness & Mind
Mastering Reiki Level 1. Traditional Reiki Level 1 session. Connect with the roots of energy healing and self-treatment basics.,Wellness & Mind
Forest Bathing: Beginner to Pro. Discover the secrets of Forest Bathing. This interactive workshop covers reconnecting with nature in the hills of Shivapuri and more.,Wellness & Mind
Mastering Pranayama Breathwork. Practical Pranayama Breathwork workshop. Hands-on learning focused on ancient techniques for nervous system calm.,Wellness & Mind
The Art of Ayurvedic Nutrition. Discover the secrets of Ayurvedic Nutrition. This interactive workshop covers eating for your unique body constitution and more.,Wellness & Mind
Mastering Sound Healing. Practical Sound Healing workshop. Hands-on learning focused on using Tibetan singing bowls for relaxation.,Wellness & Mind
Mastering Himalayan Yoga Flow. Master Himalayan Yoga Flow in this intensive masterclass. We focus on connecting movement with high-altitude energy for all levels.,Wellness & Mind
Ayurvedic Nutrition Experience. Practical Ayurvedic Nutrition workshop. Hands-on learning focused on eating for your unique body constitution.,Wellness & Mind
Forest Bathing Workshop. Discover the secrets of Forest Bathing. This interactive workshop covers reconnecting with nature in the hills of Shivapuri and more.,Wellness & Mind
Sound Healing: Beginner to Pro. Practical Sound Healing workshop. Hands-on learning focused on using Tibetan singing bowls for relaxation.,Wellness & Mind
Vipassana Meditation Workshop. Master Vipassana Meditation in this intensive masterclass. We focus on mindfulness and breath awareness techniques for all levels.,Wellness & Mind
Ayurvedic Nutrition Workshop. An immersive experience in Ayurvedic Nutrition. Perfect for those interested in eating for your unique body constitution.,Wellness & Mind
Ayurvedic Nutrition Workshop. Discover the secrets of Ayurvedic Nutrition. This interactive workshop covers eating for your unique body constitution and more.,Wellness & Mind
The Art of Vipassana Meditation. Unleash your creativity with Vipassana Meditation. A dedicated space for mindfulness and breath awareness techniques.,Wellness & Mind
Reiki Level 1 Workshop. Practical Reiki Level 1 workshop. Hands-on learning focused on energy healing and self-treatment basics.,Wellness & Mind
Aromatherapy Essentials: Beginner to Pro. An immersive experience in Aromatherapy Essentials. Perfect for those interested in blending oils for sleep and focus.,Wellness & Mind
Mastering Journaling for Clarity. Discover the secrets of Journaling for Clarity. This interactive workshop covers structured prompts to reduce anxiety and more.,Wellness & Mind
Forest Bathing: Beginner to Pro. Master Forest Bathing in this intensive masterclass. We focus on reconnecting with nature in the hills of Shivapuri for all levels.,Wellness & Mind
Vipassana Meditation Workshop. Traditional Vipassana Meditation session. Connect with the roots of mindfulness and breath awareness techniques.,Wellness & Mind
Forest Bathing Experience. An immersive experience in Forest Bathing. Perfect for those interested in reconnecting with nature in the hills of Shivapuri.,Wellness & Mind
Introduction to Ayurvedic Nutrition. Learn the art of Ayurvedic Nutrition. Join our expert-led session to master eating for your unique body constitution.,Wellness & Mind
Journaling for Clarity: Beginner to Pro. Learn the art of Journaling for Clarity. Join our expert-led session to master structured prompts to reduce anxiety.,Wellness & Mind
Introduction to Vipassana Meditation. Practical Vipassana Meditation workshop. Hands-on learning focused on mindfulness and breath awareness techniques.,Wellness & Mind
Cloud Computing Experience. Learn the art of Cloud Computing. Join our expert-led session to master deploying applications on AWS and Azure.,Digital & Tech
Introduction to UX Design Principles. Discover the secrets of UX Design Principles. This interactive workshop covers building user-centric mobile application prototypes and more.,Digital & Tech
Game Dev with Unity Workshop. Traditional Game Dev with Unity session. Connect with the roots of creating 2D platformers from scratch.,Digital & Tech
Game Dev with Unity: Beginner to Pro. Traditional Game Dev with Unity session. Connect with the roots of creating 2D platformers from scratch.,Digital & Tech
"Traditional Excel for Analysts Class. Learn the art of Excel for Analysts. Join our expert-led session to master vlookup, pivot tables, and data visualization.",Digital & Tech
"Mastering Excel for Analysts. Traditional Excel for Analysts session. Connect with the roots of vlookup, pivot tables, and data visualization.",Digital & Tech
"Excel for Analysts: Beginner to Pro. Master Excel for Analysts in this intensive masterclass. We focus on vlookup, pivot tables, and data visualization for all levels.",Digital & Tech
"The Art of Excel for Analysts. Unleash your creativity with Excel for Analysts. A dedicated space for vlookup, pivot tables, and data visualization.",Digital & Tech
Cloud Computing Experience. Discover the secrets of Cloud Computing. This interactive workshop covers deploying applications on AWS and Azure and more.,Digital & Tech
Cloud Computing Workshop. Learn the art of Cloud Computing. Join our expert-led session to master deploying applications on AWS and Azure.,Digital & Tech
Introduction to React Fundamentals. Master React Fundamentals in this intensive masterclass. We focus on building modern web interfaces with components for all levels.,Digital & Tech
The Art of Cybersecurity Basics. Traditional Cybersecurity Basics session. Connect with the roots of protecting personal data and network security.,Digital & Tech
Mastering Game Dev with Unity. An immersive experience in Game Dev with Unity. Perfect for those interested in creating 2D platformers from scratch.,Digital & Tech
The Art of Social Media Strategy. Master Social Media Strategy in this intensive masterclass. We focus on growth algorithms and content planning for all levels.,Digital & Tech
Python for Beginners Workshop. Learn the art of Python for Beginners. Join our expert-led session to master writing your first scripts and automation.,Digital & Tech
"Excel for Analysts Workshop. Discover the secrets of Excel for Analysts. This interactive workshop covers vlookup, pivot tables, and data visualization and more.",Digital & Tech
Mastering Social Media Strategy. Unleash your creativity with Social Media Strategy. A dedicated space for growth algorithms and content planning.,Digital & Tech
The Art of Cloud Computing. Learn the art of Cloud Computing. Join our expert-led session to master deploying applications on AWS and Azure.,Digital & Tech
Mastering React Fundamentals. Traditional React Fundamentals session. Connect with the roots of building modern web interfaces with components.,Digital & Tech
Traditional Game Dev with Unity Class. An immersive experience in Game Dev with Unity. Perfect for those interested in creating 2D platformers from scratch.,Digital & Tech
React Fundamentals: Beginner to Pro. Discover the secrets of React Fundamentals. This interactive workshop covers building modern web interfaces with components and more.,Digital & Tech
UX Design Principles Workshop. An immersive experience in UX Design Principles. Perfect for those interested in building user-centric mobile application prototypes.,Digital & Tech
React Fundamentals Workshop. Practical React Fundamentals workshop. Hands-on learning focused on building modern web interfaces with components.,Digital & Tech
"Mastering Excel for Analysts. Unleash your creativity with Excel for Analysts. A dedicated space for vlookup, pivot tables, and data visualization.",Digital & Tech
No-Code App Building Experience. Practical No-Code App Building workshop. Hands-on learning focused on creating tools with Bubble and Webflow.,Digital & Tech
Introduction to No-Code App Building. Unleash your creativity with No-Code App Building. A dedicated space for creating tools with Bubble and Webflow.,Digital & Tech
The Art of Cybersecurity Basics. Practical Cybersecurity Basics workshop. Hands-on learning focused on protecting personal data and network security.,Digital & Tech
AI Prompt Engineering: Beginner to Pro. Master AI Prompt Engineering in this intensive masterclass. We focus on optimizing output from large language models for all levels.,Digital & Tech
Game Dev with Unity Workshop. Practical Game Dev with Unity workshop. Hands-on learning focused on creating 2D platformers from scratch.,Digital & Tech
Game Dev with Unity: Beginner to Pro. Traditional Game Dev with Unity session. Connect with the roots of creating 2D platformers from scratch.,Digital & Tech
Traditional Cloud Computing Class. An immersive experience in Cloud Computing. Perfect for those interested in deploying applications on AWS and Azure.,Digital & Tech
Mastering Cybersecurity Basics. Discover the secrets of Cybersecurity Basics. This interactive workshop covers protecting personal data and network security and more.,Digital & Tech
The Art of Social Media Strategy. Master Social Media Strategy in this intensive masterclass. We focus on growth algorithms and content planning for all levels.,Digital & Tech
"Excel for Analysts Experience. An immersive experience in Excel for Analysts. Perfect for those interested in vlookup, pivot tables, and data visualization.",Digital & Tech
Mastering No-Code App Building. Unleash your creativity with No-Code App Building. A dedicated space for creating tools with Bubble and Webflow.,Digital & Tech
"Excel for Analysts: Beginner to Pro. Master Excel for Analysts in this intensive masterclass. We focus on vlookup, pivot tables, and data visualization for all levels.",Digital & Tech
Introduction to Game Dev with Unity. Master Game Dev with Unity in this intensive masterclass. We focus on creating 2D platformers from scratch for all levels.,Digital & Tech
React Fundamentals Workshop. Discover the secrets of React Fundamentals. This interactive workshop covers building modern web interfaces with components and more.,Digital & Tech
Social Media Strategy: Beginner to Pro. An immersive experience in Social Media Strategy. Perfect for those interested in growth algorithms and content planning.,Digital & Tech
React Fundamentals: Beginner to Pro. An immersive experience in React Fundamentals. Perfect for those interested in building modern web interfaces with components.,Digital & Tech
Mastering Game Dev with Unity. Traditional Game Dev with Unity session. Connect with the roots of creating 2D platformers from scratch.,Digital & Tech
UX Design Principles Experience. Learn the art of UX Design Principles. Join our expert-led session to master building user-centric mobile application prototypes.,Digital & Tech
Introduction to Game Dev with Unity. Unleash your creativity with Game Dev with Unity. A dedicated space for creating 2D platformers from scratch.,Digital & Tech
"Excel for Analysts: Beginner to Pro. Discover the secrets of Excel for Analysts. This interactive workshop covers vlookup, pivot tables, and data visualization and more.",Digital & Tech
The Art of Game Dev with Unity. Learn the art of Game Dev with Unity. Join our expert-led session to master creating 2D platformers from scratch.,Digital & Tech
Cloud Computing Experience. Traditional Cloud Computing session. Connect with the roots of deploying applications on AWS and Azure.,Digital & Tech
AI Prompt Engineering Workshop. Unleash your creativity with AI Prompt Engineering. A dedicated space for optimizing output from large language models.,Digital & Tech
Introduction to Cybersecurity Basics. Unleash your creativity with Cybersecurity Basics. A dedicated space for protecting personal data and network security.,Digital & Tech
UX Design Principles: Beginner to Pro. Traditional UX Design Principles session. Connect with the roots of building user-centric mobile application prototypes.,Digital & Tech
Traditional Cloud Computing Class. An immersive experience in Cloud Computing. Perfect for those interested in deploying applications on AWS and Azure.,Digital & Tech
Python for Beginners Workshop. Practical Python for Beginners workshop. Hands-on learning focused on writing your first scripts and automation.,Digital & Tech
The Art of No-Code App Building. Discover the secrets of No-Code App Building. This interactive workshop covers creating tools with Bubble and Webflow and more.,Digital & Tech
React Fundamentals Workshop. An immersive experience in React Fundamentals. Perfect for those interested in building modern web interfaces with components.,Digital & Tech
Mastering Social Media Strategy. Learn the art of Social Media Strategy. Join our expert-led session to master growth algorithms and content planning.,Digital & Tech
React Fundamentals Experience. An immersive experience in React Fundamentals. Perfect for those interested in building modern web interfaces with components.,Digital & Tech
Introduction to Cybersecurity Basics. Learn the art of Cybersecurity Basics. Join our expert-led session to master protecting personal data and network security.,Digital & Tech
Introduction to No-Code App Building. Discover the secrets of No-Code App Building. This interactive workshop covers creating tools with Bubble and Webflow and more.,Digital & Tech
Introduction to No-Code App Building. Discover the secrets of No-Code App Building. This interactive workshop covers creating tools with Bubble and Webflow and more.,Digital & Tech
UX Design Principles Experience. Discover the secrets of UX Design Principles. This interactive workshop covers building user-centric mobile application prototypes and more.,Digital & Tech
Python for Beginners: Beginner to Pro. Discover the secrets of Python for Beginners. This interactive workshop covers writing your first scripts and automation and more.,Digital & Tech
Traditional UX Design Principles Class. Master UX Design Principles in this intensive masterclass. We focus on building user-centric mobile application prototypes for all levels.,Digital & Tech
Introduction to React Fundamentals. Unleash your creativity with React Fundamentals. A dedicated space for building modern web interfaces with components.,Digital & Tech
No-Code App Building Experience. Practical No-Code App Building workshop. Hands-on learning focused on creating tools with Bubble and Webflow.,Digital & Tech
Mastering Cybersecurity Basics. Practical Cybersecurity Basics workshop. Hands-on learning focused on protecting personal data and network security.,Digital & Tech
Traditional Social Media Strategy Class. Learn the art of Social Media Strategy. Join our expert-led session to master growth algorithms and content planning.,Digital & Tech
"Introduction to Excel for Analysts. Traditional Excel for Analysts session. Connect with the roots of vlookup, pivot tables, and data visualization.",Digital & Tech
"Excel for Analysts: Beginner to Pro. Learn the art of Excel for Analysts. Join our expert-led session to master vlookup, pivot tables, and data visualization.",Digital & Tech
Python for Beginners: Beginner to Pro. An immersive experience in Python for Beginners. Perfect for those interested in writing your first scripts and automation.,Digital & Tech
The Art of React Fundamentals. Unleash your creativity with React Fundamentals. A dedicated space for building modern web interfaces with components.,Digital & Tech
"Mastering Excel for Analysts. Master Excel for Analysts in this intensive masterclass. We focus on vlookup, pivot tables, and data visualization for all levels.",Digital & Tech
The Art of AI Prompt Engineering. Learn the art of AI Prompt Engineering. Join our expert-led session to master optimizing output from large language models.,Digital & Tech
The Art of No-Code App Building. Discover the secrets of No-Code App Building. This interactive workshop covers creating tools with Bubble and Webflow and more.,Digital & Tech
Social Media Strategy: Beginner to Pro. Traditional Social Media Strategy session. Connect with the roots of growth algorithms and content planning.,Digital & Tech
Introduction to Cloud Computing. Unleash your creativity with Cloud Computing. A dedicated space for deploying applications on AWS and Azure.,Digital & Tech
"Introduction to Excel for Analysts. Practical Excel for Analysts workshop. Hands-on learning focused on vlookup, pivot tables, and data visualization.",Digital & Tech
Traditional Python for Beginners Class. Unleash your creativity with Python for Beginners. A dedicated space for writing your first scripts and automation.,Digital & Tech
Game Dev with Unity Workshop. Discover the secrets of Game Dev with Unity. This interactive workshop covers creating 2D platformers from scratch and more.,Digital & Tech
Introduction to Social Media Strategy. Traditional Social Media Strategy session. Connect with the roots of growth algorithms and content planning.,Digital & Tech
AI Prompt Engineering Experience. Unleash your creativity with AI Prompt Engineering. A dedicated space for optimizing output from large language models.,Digital & Tech
Traditional Cloud Computing Class. Traditional Cloud Computing session. Connect with the roots of deploying applications on AWS and Azure.,Digital & Tech
Introduction to Python for Beginners. Unleash your creativity with Python for Beginners. A dedicated space for writing your first scripts and automation.,Digital & Tech
No-Code App Building: Beginner to Pro. Master No-Code App Building in this intensive masterclass. We focus on creating tools with Bubble and Webflow for all levels.,Digital & Tech
Mastering Python for Beginners. Learn the art of Python for Beginners. Join our expert-led session to master writing your first scripts and automation.,Digital & Tech
Traditional No-Code App Building Class. Discover the secrets of No-Code App Building. This interactive workshop covers creating tools with Bubble and Webflow and more.,Digital & Tech
Introduction to Python for Beginners. Discover the secrets of Python for Beginners. This interactive workshop covers writing your first scripts and automation and more.,Digital & Tech
Python for Beginners Experience. Discover the secrets of Python for Beginners. This interactive workshop covers writing your first scripts and automation and more.,Digital & Tech
The Art of React Fundamentals. An immersive experience in React Fundamentals. Perfect for those interested in building modern web interfaces with components.,Digital & Tech
The Art of AI Prompt Engineering. Unleash your creativity with AI Prompt Engineering. A dedicated space for optimizing output from large language models.,Digital & Tech
"Excel for Analysts Experience. Unleash your creativity with Excel for Analysts. A dedicated space for vlookup, pivot tables, and data visualization.",Digital & Tech
React Fundamentals: Beginner to Pro. Learn the art of React Fundamentals. Join our expert-led session to master building modern web interfaces with components.,Digital & Tech
Introduction to Cybersecurity Basics. Learn the art of Cybersecurity Basics. Join our expert-led session to master protecting personal data and network security.,Digital & Tech
Traditional Cybersecurity Basics Class. An immersive experience in Cybersecurity Basics. Perfect for those interested in protecting personal data and network security.,Digital & Tech
The Art of React Fundamentals. Practical React Fundamentals workshop. Hands-on learning focused on building modern web interfaces with components.,Digital & Tech
Traditional React Fundamentals Class. Traditional React Fundamentals session. Connect with the roots of building modern web interfaces with components.,Digital & Tech
The Art of UX Design Principles. Discover the secrets of UX Design Principles. This interactive workshop covers building user-centric mobile application prototypes and more.,Digital & Tech
The Art of No-Code App Building. Master No-Code App Building in this intensive masterclass. We focus on creating tools with Bubble and Webflow for all levels.,Digital & Tech
"Traditional Excel for Analysts Class. Unleash your creativity with Excel for Analysts. A dedicated space for vlookup, pivot tables, and data visualization.",Digital & Tech
React Fundamentals Workshop. Unleash your creativity with React Fundamentals. A dedicated space for building modern web interfaces with components.,Digital & Tech
No-Code App Building Experience. Discover the secrets of No-Code App Building. This interactive workshop covers creating tools with Bubble and Webflow and more.,Digital & Tech
No-Code App Building Experience. Master No-Code App Building in this intensive masterclass. We focus on creating tools with Bubble and Webflow for all levels.,Digital & Tech
UX Design Principles Experience. Discover the secrets of UX Design Principles. This interactive workshop covers building user-centric mobile application prototypes and more.,Digital & Tech
Social Media Strategy Workshop. Practical Social Media Strategy workshop. Hands-on learning focused on growth algorithms and content planning.,Digital & Tech
Mastering Cybersecurity Basics. Discover the secrets of Cybersecurity Basics. This interactive workshop covers protecting personal data and network security and more.,Digital & Tech
Mastering UX Design Principles. Master UX Design Principles in this intensive masterclass. We focus on building user-centric mobile application prototypes for all levels.,Digital & Tech
Traditional Social Media Strategy Class. Practical Social Media Strategy workshop. Hands-on learning focused on growth algorithms and content planning.,Digital & Tech
"Introduction to Excel for Analysts. Master Excel for Analysts in this intensive masterclass. We focus on vlookup, pivot tables, and data visualization for all levels.",Digital & Tech
Introduction to No-Code App Building. Learn the art of No-Code App Building. Join our expert-led session to master creating tools with Bubble and Webflow.,Digital & Tech
Cloud Computing Experience. Master Cloud Computing in this intensive masterclass. We focus on deploying applications on AWS and Azure for all levels.,Digital & Tech
Python for Beginners Experience. Traditional Python for Beginners session. Connect with the roots of writing your first scripts and automation.,Digital & Tech
React Fundamentals: Beginner to Pro. Unleash your creativity with React Fundamentals. A dedicated space for building modern web interfaces with components.,Digital & Tech
Introduction to Cloud Computing. Learn the art of Cloud Computing. Join our expert-led session to master deploying applications on AWS and Azure.,Digital & Tech
Game Dev with Unity Workshop. Learn the art of Game Dev with Unity. Join our expert-led session to master creating 2D platformers from scratch.,Digital & Tech
The Art of No-Code App Building. Unleash your creativity with No-Code App Building. A dedicated space for creating tools with Bubble and Webflow.,Digital & Tech
Mastering No-Code App Building. Traditional No-Code App Building session. Connect with the roots of creating tools with Bubble and Webflow.,Digital & Tech
The Art of Cloud Computing. Practical Cloud Computing workshop. Hands-on learning focused on deploying applications on AWS and Azure.,Digital & Tech
Mastering Python for Beginners. Learn the art of Python for Beginners. Join our expert-led session to master writing your first scripts and automation.,Digital & Tech
Introduction to No-Code App Building. Traditional No-Code App Building session. Connect with the roots of creating tools with Bubble and Webflow.,Digital & Tech
Game Dev with Unity Workshop. Practical Game Dev with Unity workshop. Hands-on learning focused on creating 2D platformers from scratch.,Digital & Tech
The Art of Python for Beginners. An immersive experience in Python for Beginners. Perfect for those interested in writing your first scripts and automation.,Digital & Tech
The Art of Social Media Strategy. Master Social Media Strategy in this intensive masterclass. We focus on growth algorithms and content planning for all levels.,Digital & Tech
The Art of Social Media Strategy. Master Social Media Strategy in this intensive masterclass. We focus on growth algorithms and content planning for all levels.,Digital & Tech
Social Media Strategy Workshop. Learn the art of Social Media Strategy. Join our expert-led session to master growth algorithms and content planning.,Digital & Tech
The Art of Python for Beginners. Master Python for Beginners in this intensive masterclass. We focus on writing your first scripts and automation for all levels.,Digital & Tech
AI Prompt Engineering: Beginner to Pro. Traditional AI Prompt Engineering session. Connect with the roots of optimizing output from large language models.,Digital & Tech
Introduction to Cloud Computing. An immersive experience in Cloud Computing. Perfect for those interested in deploying applications on AWS and Azure.,Digital & Tech
Cybersecurity Basics Workshop. Master Cybersecurity Basics in this intensive masterclass. We focus on protecting personal data and network security for all levels.,Digital & Tech
"Mastering Excel for Analysts. Traditional Excel for Analysts session. Connect with the roots of vlookup, pivot tables, and data visualization.",Digital & Tech
Mastering No-Code App Building. Practical No-Code App Building workshop. Hands-on learning focused on creating tools with Bubble and Webflow.,Digital & Tech
AI Prompt Engineering Experience. Discover the secrets of AI Prompt Engineering. This interactive workshop covers optimizing output from large language models and more.,Digital & Tech
Social Media Strategy Workshop. Practical Social Media Strategy workshop. Hands-on learning focused on growth algorithms and content planning.,Digital & Tech
Traditional AI Prompt Engineering Class. Traditional AI Prompt Engineering session. Connect with the roots of optimizing output from large language models.,Digital & Tech
Game Dev with Unity Workshop. An immersive experience in Game Dev with Unity. Perfect for those interested in creating 2D platformers from scratch.,Digital & Tech
"Traditional Excel for Analysts Class. Learn the art of Excel for Analysts. Join our expert-led session to master vlookup, pivot tables, and data visualization.",Digital & Tech
The Art of Cybersecurity Basics. Unleash your creativity with Cybersecurity Basics. A dedicated space for protecting personal data and network security.,Digital & Tech
Traditional No-Code App Building Class. An immersive experience in No-Code App Building. Perfect for those interested in creating tools with Bubble and Webflow.,Digital & Tech
Mastering Python for Beginners. Discover the secrets of Python for Beginners. This interactive workshop covers writing your first scripts and automation and more.,Digital & Tech
Traditional Social Media Strategy Class. Master Social Media Strategy in this intensive masterclass. We focus on growth algorithms and content planning for all levels.,Digital & Tech
Introduction to AI Prompt Engineering. Master AI Prompt Engineering in this intensive masterclass. We focus on optimizing output from large language models for all levels.,Digital & Tech
React Fundamentals: Beginner to Pro. Discover the secrets of React Fundamentals. This interactive workshop covers building modern web interfaces with components and more.,Digital & Tech
AI Prompt Engineering: Beginner to Pro. Traditional AI Prompt Engineering session. Connect with the roots of optimizing output from large language models.,Digital & Tech
Python for Beginners Experience. Learn the art of Python for Beginners. Join our expert-led session to master writing your first scripts and automation.,Digital & Tech
AI Prompt Engineering Workshop. An immersive experience in AI Prompt Engineering. Perfect for those interested in optimizing output from large language models.,Digital & Tech
AI Prompt Engineering Experience. Practical AI Prompt Engineering workshop. Hands-on learning focused on optimizing output from large language models.,Digital & Tech
Introduction to Game Dev with Unity. Unleash your creativity with Game Dev with Unity. A dedicated space for creating 2D platformers from scratch.,Digital & Tech
Traditional No-Code App Building Class. Learn the art of No-Code App Building. Join our expert-led session to master creating tools with Bubble and Webflow.,Digital & Tech
Social Media Strategy: Beginner to Pro. Master Social Media Strategy in this intensive masterclass. We focus on growth algorithms and content planning for all levels.,Digital & Tech
The Art of React Fundamentals. Master React Fundamentals in this intensive masterclass. We focus on building modern web interfaces with components for all levels.,Digital & Tech
AI Prompt Engineering Workshop. Discover the secrets of AI Prompt Engineering. This interactive workshop covers optimizing output from large language models and more.,Digital & Tech
The Art of Cloud Computing. An immersive experience in Cloud Computing. Perfect for those interested in deploying applications on AWS and Azure.,Digital & Tech
AI Prompt Engineering Workshop. Discover the secrets of AI Prompt Engineering. This interactive workshop covers optimizing output from large language models and more.,Digital & Tech
"Traditional Excel for Analysts Class. Learn the art of Excel for Analysts. Join our expert-led session to master vlookup, pivot tables, and data visualization.",Digital & Tech
UX Design Principles: Beginner to Pro. Learn the art of UX Design Principles. Join our expert-led session to master building user-centric mobile application prototypes.,Digital & Tech
"The Art of Excel for Analysts. Traditional Excel for Analysts session. Connect with the roots of vlookup, pivot tables, and data visualization.",Digital & Tech
UX Design Principles Workshop. Traditional UX Design Principles session. Connect with the roots of building user-centric mobile application prototypes.,Digital & Tech
Traditional No-Code App Building Class. Learn the art of No-Code App Building. Join our expert-led session to master creating tools with Bubble and Webflow.,Digital & Tech
No-Code App Building: Beginner to Pro. Learn the art of No-Code App Building. Join our expert-led session to master creating tools with Bubble and Webflow.,Digital & Tech
Introduction to UX Design Principles. An immersive experience in UX Design Principles. Perfect for those interested in building user-centric mobile application prototypes.,Digital & Tech
Python for Beginners Workshop. Discover the secrets of Python for Beginners. This interactive workshop covers writing your first scripts and automation and more.,Digital & Tech
Traditional Social Media Strategy Class. Traditional Social Media Strategy session. Connect with the roots of growth algorithms and content planning.,Digital & Tech
"Introduction to Excel for Analysts. An immersive experience in Excel for Analysts. Perfect for those interested in vlookup, pivot tables, and data visualization.",Digital & Tech
Introduction to Social Media Strategy. Practical Social Media Strategy workshop. Hands-on learning focused on growth algorithms and content planning.,Digital & Tech
Traditional Game Dev with Unity Class. Practical Game Dev with Unity workshop. Hands-on learning focused on creating 2D platformers from scratch.,Digital & Tech
Introduction to UX Design Principles. Unleash your creativity with UX Design Principles. A dedicated space for building user-centric mobile application prototypes.,Digital & Tech
Cloud Computing: Beginner to Pro. Traditional Cloud Computing session. Connect with the roots of deploying applications on AWS and Azure.,Digital & Tech
Mastering Python for Beginners. An immersive experience in Python for Beginners. Perfect for those interested in writing your first scripts and automation.,Digital & Tech
Introduction to Cloud Computing. An immersive experience in Cloud Computing. Perfect for those interested in deploying applications on AWS and Azure.,Digital & Tech
Mastering React Fundamentals. An immersive experience in React Fundamentals. Perfect for those interested in building modern web interfaces with components.,Digital & Tech
No-Code App Building Workshop. Unleash your creativity with No-Code App Building. A dedicated space for creating tools with Bubble and Webflow.,Digital & Tech
Traditional No-Code App Building Class. Traditional No-Code App Building session. Connect with the roots of creating tools with Bubble and Webflow.,Digital & Tech
Traditional Cloud Computing Class. An immersive experience in Cloud Computing. Perfect for those interested in deploying applications on AWS and Azure.,Digital & Tech
Cybersecurity Basics: Beginner to Pro. Traditional Cybersecurity Basics session. Connect with the roots of protecting personal data and network security.,Digital & Tech
React Fundamentals: Beginner to Pro. Discover the secrets of React Fundamentals. This interactive workshop covers building modern web interfaces with components and more.,Digital & Tech
"Introduction to Excel for Analysts. Discover the secrets of Excel for Analysts. This interactive workshop covers vlookup, pivot tables, and data visualization and more.",Digital & Tech
Traditional Game Dev with Unity Class. An immersive experience in Game Dev with Unity. Perfect for those interested in creating 2D platformers from scratch.,Digital & Tech
Mastering Python for Beginners. Learn the art of Python for Beginners. Join our expert-led session to master writing your first scripts and automation.,Digital & Tech
Introduction to Cloud Computing. Discover the secrets of Cloud Computing. This interactive workshop covers deploying applications on AWS and Azure and more.,Digital & Tech
Introduction to UX Design Principles. Unleash your creativity with UX Design Principles. A dedicated space for building user-centric mobile application prototypes.,Digital & Tech
Introduction to UX Design Principles. Discover the secrets of UX Design Principles. This interactive workshop covers building user-centric mobile application prototypes and more.,Digital & Tech
Mastering Cybersecurity Basics. Traditional Cybersecurity Basics session. Connect with the roots of protecting personal data and network security.,Digital & Tech
The Art of UX Design Principles. Learn the art of UX Design Principles. Join our expert-led session to master building user-centric mobile application prototypes.,Digital & Tech
UX Design Principles: Beginner to Pro. Discover the secrets of UX Design Principles. This interactive workshop covers building user-centric mobile application prototypes and more.,Digital & Tech
AI Prompt Engineering Workshop. Master AI Prompt Engineering in this intensive masterclass. We focus on optimizing output from large language models for all levels.,Digital & Tech
Introduction to Cybersecurity Basics. Learn the art of Cybersecurity Basics. Join our expert-led session to master protecting personal data and network security.,Digital & Tech
Traditional Cloud Computing Class. Discover the secrets of Cloud Computing. This interactive workshop covers deploying applications on AWS and Azure and more.,Digital & Tech
Introduction to UX Design Principles. An immersive experience in UX Design Principles. Perfect for those interested in building user-centric mobile application prototypes.,Digital & Tech
Traditional No-Code App Building Class. Traditional No-Code App Building session. Connect with the roots of creating tools with Bubble and Webflow.,Digital & Tech
Mastering No-Code App Building. Unleash your creativity with No-Code App Building. A dedicated space for creating tools with Bubble and Webflow.,Digital & Tech
The Art of React Fundamentals. Discover the secrets of React Fundamentals. This interactive workshop covers building modern web interfaces with components and more.,Digital & Tech
Traditional AI Prompt Engineering Class. Traditional AI Prompt Engineering session. Connect with the roots of optimizing output from large language models.,Digital & Tech
Introduction to Python for Beginners. Unleash your creativity with Python for Beginners. A dedicated space for writing your first scripts and automation.,Digital & Tech
Traditional No-Code App Building Class. Traditional No-Code App Building session. Connect with the roots of creating tools with Bubble and Webflow.,Digital & Tech
The Art of React Fundamentals. An immersive experience in React Fundamentals. Perfect for those interested in building modern web interfaces with components.,Digital & Tech
Cloud Computing Experience. Master Cloud Computing in this intensive masterclass. We focus on deploying applications on AWS and Azure for all levels.,Digital & Tech
Social Media Strategy: Beginner to Pro. An immersive experience in Social Media Strategy. Perfect for those interested in growth algorithms and content planning.,Digital & Tech
No-Code App Building: Beginner to Pro. Unleash your creativity with No-Code App Building. A dedicated space for creating tools with Bubble and Webflow.,Digital & Tech
Social Media Strategy: Beginner to Pro. Learn the art of Social Media Strategy. Join our expert-led session to master growth algorithms and content planning.,Digital & Tech
Game Dev with Unity Workshop. Traditional Game Dev with Unity session. Connect with the roots of creating 2D platformers from scratch.,Digital & Tech
Cybersecurity Basics: Beginner to Pro. Discover the secrets of Cybersecurity Basics. This interactive workshop covers protecting personal data and network security and more.,Digital & Tech
Game Dev with Unity: Beginner to Pro. Learn the art of Game Dev with Unity. Join our expert-led session to master creating 2D platformers from scratch.,Digital & Tech
Game Dev with Unity: Beginner to Pro. Practical Game Dev with Unity workshop. Hands-on learning focused on creating 2D platformers from scratch.,Digital & Tech
Traditional AI Prompt Engineering Class. Traditional AI Prompt Engineering session. Connect with the roots of optimizing output from large language models.,Digital & Tech
Traditional Cloud Computing Class. Discover the secrets of Cloud Computing. This interactive workshop covers deploying applications on AWS and Azure and more.,Digital & Tech
React Fundamentals Experience. An immersive experience in React Fundamentals. Perfect for those interested in building modern web interfaces with components.,Digital & Tech
Python for Beginners Workshop. Practical Python for Beginners workshop. Hands-on learning focused on writing your first scripts and automation.,Digital & Tech
The Art of React Fundamentals. Learn the art of React Fundamentals. Join our expert-led session to master building modern web interfaces with components.,Digital & Tech
Traditional AI Prompt Engineering Class. Traditional AI Prompt Engineering session. Connect with the roots of optimizing output from large language models.,Digital & Tech
The Art of Game Dev with Unity. Learn the art of Game Dev with Unity. Join our expert-led session to master creating 2D platformers from scratch.,Digital & Tech
Introduction to React Fundamentals. Discover the secrets of React Fundamentals. This interactive workshop covers building modern web interfaces with components and more.,Digital & Tech
Introduction to Cybersecurity Basics. Discover the secrets of Cybersecurity Basics. This interactive workshop covers protecting personal data and network security and more.,Digital & Tech
"The Art of Excel for Analysts. Unleash your creativity with Excel for Analysts. A dedicated space for vlookup, pivot tables, and data visualization.",Digital & Tech
Traditional UX Design Principles Class. An immersive experience in UX Design Principles. Perfect for those interested in building user-centric mobile application prototypes.,Digital & Tech
Mastering Game Dev with Unity. Learn the art of Game Dev with Unity. Join our expert-led session to master creating 2D platformers from scratch.,Digital & Tech
Traditional No-Code App Building Class. Discover the secrets of No-Code App Building. This interactive workshop covers creating tools with Bubble and Webflow and more.,Digital & Tech
Introduction to React Fundamentals. Unleash your creativity with React Fundamentals. A dedicated space for building modern web interfaces with components.,Digital & Tech
Introduction to UX Design Principles. Master UX Design Principles in this intensive masterclass. We focus on building user-centric mobile application prototypes for all levels.,Digital & Tech
Mastering No-Code App Building. Learn the art of No-Code App Building. Join our expert-led session to master creating tools with Bubble and Webflow.,Digital & Tech
Python for Beginners Workshop. Discover the secrets of Python for Beginners. This interactive workshop covers writing your first scripts and automation and more.,Digital & Tech
React Fundamentals Workshop. Unleash your creativity with React Fundamentals. A dedicated space for building modern web interfaces with components.,Digital & Tech
Traditional Cloud Computing Class. Learn the art of Cloud Computing. Join our expert-led session to master deploying applications on AWS and Azure.,Digital & Tech
Game Dev with Unity: Beginner to Pro. An immersive experience in Game Dev with Unity. Perfect for those interested in creating 2D platformers from scratch.,Digital & Tech
Game Dev with Unity Experience. Practical Game Dev with Unity workshop. Hands-on learning focused on creating 2D platformers from scratch.,Digital & Tech
Introduction to Cloud Computing. Practical Cloud Computing workshop. Hands-on learning focused on deploying applications on AWS and Azure.,Digital & Tech
Mastering Python for Beginners. Unleash your creativity with Python for Beginners. A dedicated space for writing your first scripts and automation.,Digital & Tech
AI Prompt Engineering Workshop. An immersive experience in AI Prompt Engineering. Perfect for those interested in optimizing output from large language models.,Digital & Tech
Traditional AI Prompt Engineering Class. An immersive experience in AI Prompt Engineering. Perfect for those interested in optimizing output from large language models.,Digital & Tech
AI Prompt Engineering Experience. Traditional AI Prompt Engineering session. Connect with the roots of optimizing output from large language models.,Digital & Tech
Game Dev with Unity: Beginner to Pro. Discover the secrets of Game Dev with Unity. This interactive workshop covers creating 2D platformers from scratch and more.,Digital & Tech
Cloud Computing Workshop. An immersive experience in Cloud Computing. Perfect for those interested in deploying applications on AWS and Azure.,Digital & Tech
Cloud Computing Experience. Traditional Cloud Computing session. Connect with the roots of deploying applications on AWS and Azure.,Digital & Tech
"Introduction to Excel for Analysts. Unleash your creativity with Excel for Analysts. A dedicated space for vlookup, pivot tables, and data visualization.",Digital & Tech
No-Code App Building: Beginner to Pro. Master No-Code App Building in this intensive masterclass. We focus on creating tools with Bubble and Webflow for all levels.,Digital & Tech
Traditional Cybersecurity Basics Class. Unleash your creativity with Cybersecurity Basics. A dedicated space for protecting personal data and network security.,Digital & Tech
Introduction to Cybersecurity Basics. An immersive experience in Cybersecurity Basics. Perfect for those interested in protecting personal data and network security.,Digital & Tech
Mastering React Fundamentals. Practical React Fundamentals workshop. Hands-on learning focused on building modern web interfaces with components.,Digital & Tech
Cybersecurity Basics: Beginner to Pro. Traditional Cybersecurity Basics session. Connect with the roots of protecting personal data and network security.,Digital & Tech
UX Design Principles Experience. Learn the art of UX Design Principles. Join our expert-led session to master building user-centric mobile application prototypes.,Digital & Tech
Mastering React Fundamentals. Discover the secrets of React Fundamentals. This interactive workshop covers building modern web interfaces with components and more.,Digital & Tech
UX Design Principles Workshop. Learn the art of UX Design Principles. Join our expert-led session to master building user-centric mobile application prototypes.,Digital & Tech
Introduction to Game Dev with Unity. Traditional Game Dev with Unity session. Connect with the roots of creating 2D platformers from scratch.,Digital & Tech
Traditional React Fundamentals Class. An immersive experience in React Fundamentals. Perfect for those interested in building modern web interfaces with components.,Digital & Tech
AI Prompt Engineering Experience. Discover the secrets of AI Prompt Engineering. This interactive workshop covers optimizing output from large language models and more.,Digital & Tech
Mastering Python for Beginners. Master Python for Beginners in this intensive masterclass. We focus on writing your first scripts and automation for all levels.,Digital & Tech
Introduction to Python for Beginners. Master Python for Beginners in this intensive masterclass. We focus on writing your first scripts and automation for all levels.,Digital & Tech
Game Dev with Unity Workshop. Traditional Game Dev with Unity session. Connect with the roots of creating 2D platformers from scratch.,Digital & Tech
Python for Beginners Experience. Master Python for Beginners in this intensive masterclass. We focus on writing your first scripts and automation for all levels.,Digital & Tech
Mastering UX Design Principles. Practical UX Design Principles workshop. Hands-on learning focused on building user-centric mobile application prototypes.,Digital & Tech
Game Dev with Unity Experience. An immersive experience in Game Dev with Unity. Perfect for those interested in creating 2D platformers from scratch.,Digital & Tech
React Fundamentals: Beginner to Pro. An immersive experience in React Fundamentals. Perfect for those interested in building modern web interfaces with components.,Digital & Tech
Traditional No-Code App Building Class. Master No-Code App Building in this intensive masterclass. We focus on creating tools with Bubble and Webflow for all levels.,Digital & Tech
Introduction to Cloud Computing. Unleash your creativity with Cloud Computing. A dedicated space for deploying applications on AWS and Azure.,Digital & Tech
"Mastering Excel for Analysts. Practical Excel for Analysts workshop. Hands-on learning focused on vlookup, pivot tables, and data visualization.",Digital & Tech
Introduction to React Fundamentals. An immersive experience in React Fundamentals. Perfect for those interested in building modern web interfaces with components.,Digital & Tech
Introduction to Game Dev with Unity. Learn the art of Game Dev with Unity. Join our expert-led session to master creating 2D platformers from scratch.,Digital & Tech
React Fundamentals Workshop. Master React Fundamentals in this intensive masterclass. We focus on building modern web interfaces with components for all levels.,Digital & Tech
Introduction to Social Media Strategy. Unleash your creativity with Social Media Strategy. A dedicated space for growth algorithms and content planning.,Digital & Tech
Introduction to Cybersecurity Basics. Learn the art of Cybersecurity Basics. Join our expert-led session to master protecting personal data and network security.,Digital & Tech
The Art of Game Dev with Unity. Master Game Dev with Unity in this intensive masterclass. We focus on creating 2D platformers from scratch for all levels.,Digital & Tech
Traditional Social Media Strategy Class. Traditional Social Media Strategy session. Connect with the roots of growth algorithms and content planning.,Digital & Tech
Introduction to No-Code App Building. Unleash your creativity with No-Code App Building. A dedicated space for creating tools with Bubble and Webflow.,Digital & Tech
Social Media Strategy Workshop. Unleash your creativity with Social Media Strategy. A dedicated space for growth algorithms and content planning.,Digital & Tech
Mastering UX Design Principles. Traditional UX Design Principles session. Connect with the roots of building user-centric mobile application prototypes.,Digital & Tech
Mastering React Fundamentals. An immersive experience in React Fundamentals. Perfect for those interested in building modern web interfaces with components.,Digital & Tech
"Excel for Analysts: Beginner to Pro. Learn the art of Excel for Analysts. Join our expert-led session to master vlookup, pivot tables, and data visualization.",Digital & Tech
"Excel for Analysts Workshop. Practical Excel for Analysts workshop. Hands-on learning focused on vlookup, pivot tables, and data visualization.",Digital & Tech
Introduction to Cybersecurity Basics. Discover the secrets of Cybersecurity Basics. This interactive workshop covers protecting personal data and network security and more.,Digital & Tech
Traditional Game Dev with Unity Class. Learn the art of Game Dev with Unity. Join our expert-led session to master creating 2D platformers from scratch.,Digital & Tech
UX Design Principles Experience. Learn the art of UX Design Principles. Join our expert-led session to master building user-centric mobile application prototypes.,Digital & Tech
Traditional UX Design Principles Class. Practical UX Design Principles workshop. Hands-on learning focused on building user-centric mobile application prototypes.,Digital & Tech
Mastering React Fundamentals. An immersive experience in React Fundamentals. Perfect for those interested in building modern web interfaces with components.,Digital & Tech
Cloud Computing: Beginner to Pro. Traditional Cloud Computing session. Connect with the roots of deploying applications on AWS and Azure.,Digital & Tech
"Excel for Analysts Experience. Unleash your creativity with Excel for Analysts. A dedicated space for vlookup, pivot tables, and data visualization.",Digital & Tech
Traditional UX Design Principles Class. Traditional UX Design Principles session. Connect with the roots of building user-centric mobile application prototypes.,Digital & Tech
The Art of Cybersecurity Basics. Learn the art of Cybersecurity Basics. Join our expert-led session to master protecting personal data and network security.,Digital & Tech
No-Code App Building Experience. An immersive experience in No-Code App Building. Perfect for those interested in creating tools with Bubble and Webflow.,Digital & Tech
Introduction to AI Prompt Engineering. Traditional AI Prompt Engineering session. Connect with the roots of optimizing output from large language models.,Digital & Tech
The Art of AI Prompt Engineering. An immersive experience in AI Prompt Engineering. Perfect for those interested in optimizing output from large language models.,Digital & Tech
The Art of UX Design Principles. An immersive experience in UX Design Principles. Perfect for those interested in building user-centric mobile application prototypes.,Digital & Tech
Game Dev with Unity Experience. Traditional Game Dev with Unity session. Connect with the roots of creating 2D platformers from scratch.,Digital & Tech
Mastering UX Design Principles. Traditional UX Design Principles session. Connect with the roots of building user-centric mobile application prototypes.,Digital & Tech
Game Dev with Unity Experience. Unleash your creativity with Game Dev with Unity. A dedicated space for creating 2D platformers from scratch.,Digital & Tech
Game Dev with Unity Workshop. Master Game Dev with Unity in this intensive masterclass. We focus on creating 2D platformers from scratch for all levels.,Digital & Tech
Game Dev with Unity: Beginner to Pro. Learn the art of Game Dev with Unity. Join our expert-led session to master creating 2D platformers from scratch.,Digital & Tech
Introduction to Python for Beginners. Unleash your creativity with Python for Beginners. A dedicated space for writing your first scripts and automation.,Digital & Tech
The Art of Python for Beginners. Learn the art of Python for Beginners. Join our expert-led session to master writing your first scripts and automation.,Digital & Tech
Cloud Computing: Beginner to Pro. Master Cloud Computing in this intensive masterclass. We focus on deploying applications on AWS and Azure for all levels.,Digital & Tech
Social Media Strategy: Beginner to Pro. Traditional Social Media Strategy session. Connect with the roots of growth algorithms and content planning.,Digital & Tech
Introduction to AI Prompt Engineering. An immersive experience in AI Prompt Engineering. Perfect for those interested in optimizing output from large language models.,Digital & Tech
Introduction to Cybersecurity Basics. Unleash your creativity with Cybersecurity Basics. A dedicated space for protecting personal data and network security.,Digital & Tech
Mastering Game Dev with Unity. Discover the secrets of Game Dev with Unity. This interactive workshop covers creating 2D platformers from scratch and more.,Digital & Tech
Traditional Game Dev with Unity Class. Unleash your creativity with Game Dev with Unity. A dedicated space for creating 2D platformers from scratch.,Digital & Tech
Introduction to Python for Beginners. Traditional Python for Beginners session. Connect with the roots of writing your first scripts and automation.,Digital & Tech
"Excel for Analysts Experience. An immersive experience in Excel for Analysts. Perfect for those interested in vlookup, pivot tables, and data visualization.",Digital & Tech
Python for Beginners Experience. Learn the art of Python for Beginners. Join our expert-led session to master writing your first scripts and automation.,Digital & Tech
Mastering UX Design Principles. Master UX Design Principles in this intensive masterclass. We focus on building user-centric mobile application prototypes for all levels.,Digital & Tech
React Fundamentals Experience. Traditional React Fundamentals session. Connect with the roots of building modern web interfaces with components.,Digital & Tech
Cybersecurity Basics: Beginner to Pro. Discover the secrets of Cybersecurity Basics. This interactive workshop covers protecting personal data and network security and more.,Digital & Tech
The Art of Cybersecurity Basics. Discover the secrets of Cybersecurity Basics. This interactive workshop covers protecting personal data and network security and more.,Digital & Tech
Game Dev with Unity: Beginner to Pro. Traditional Game Dev with Unity session. Connect with the roots of creating 2D platformers from scratch.,Digital & Tech
Traditional UX Design Principles Class. Discover the secrets of UX Design Principles. This interactive workshop covers building user-centric mobile application prototypes and more.,Digital & Tech
Traditional React Fundamentals Class. Practical React Fundamentals workshop. Hands-on learning focused on building modern web interfaces with components.,Digital & Tech
Traditional Sustainable Fashion Class. Discover the secrets of Sustainable Fashion. This interactive workshop covers upcycling old clothes into modern pieces and more.,Lifestyle & Garden
Beekeeping Basics Experience. An immersive experience in Beekeeping Basics. Perfect for those interested in maintaining hives and harvesting honey.,Lifestyle & Garden
Mastering Indoor Plant Styling. Unleash your creativity with Indoor Plant Styling. A dedicated space for matching plants to your home's lighting.,Lifestyle & Garden
The Art of Beekeeping Basics. Learn the art of Beekeeping Basics. Join our expert-led session to master maintaining hives and harvesting honey.,Lifestyle & Garden
Zero Waste Living Workshop. Master Zero Waste Living in this intensive masterclass. We focus on practical steps to reduce household plastic for all levels.,Lifestyle & Garden
Home Composting Experience. Traditional Home Composting session. Connect with the roots of turning kitchen waste into rich black gold.,Lifestyle & Garden
The Art of Zero Waste Living. Discover the secrets of Zero Waste Living. This interactive workshop covers practical steps to reduce household plastic and more.,Lifestyle & Garden
Introduction to Organic Soap Making. Unleash your creativity with Organic Soap Making. A dedicated space for cold-process soap using natural herbs.,Lifestyle & Garden
Mastering Indoor Plant Styling. Learn the art of Indoor Plant Styling. Join our expert-led session to master matching plants to your home's lighting.,Lifestyle & Garden
Organic Soap Making Experience. Unleash your creativity with Organic Soap Making. A dedicated space for cold-process soap using natural herbs.,Lifestyle & Garden
Mastering Zero Waste Living. Unleash your creativity with Zero Waste Living. A dedicated space for practical steps to reduce household plastic.,Lifestyle & Garden
Candle Crafting Experience. Master Candle Crafting in this intensive masterclass. We focus on using soy wax and organic scents for all levels.,Lifestyle & Garden
Candle Crafting Experience. Master Candle Crafting in this intensive masterclass. We focus on using soy wax and organic scents for all levels.,Lifestyle & Garden
Mastering Coffee Roasting. An immersive experience in Coffee Roasting. Perfect for those interested in from green bean to the perfect cup.,Lifestyle & Garden
Mastering Indoor Plant Styling. Master Indoor Plant Styling in this intensive masterclass. We focus on matching plants to your home's lighting for all levels.,Lifestyle & Garden
Sustainable Fashion: Beginner to Pro. Discover the secrets of Sustainable Fashion. This interactive workshop covers upcycling old clothes into modern pieces and more.,Lifestyle & Garden
Traditional Coffee Roasting Class. Master Coffee Roasting in this intensive masterclass. We focus on from green bean to the perfect cup for all levels.,Lifestyle & Garden
Indoor Plant Styling: Beginner to Pro. Master Indoor Plant Styling in this intensive masterclass. We focus on matching plants to your home's lighting for all levels.,Lifestyle & Garden
Traditional Coffee Roasting Class. Master Coffee Roasting in this intensive masterclass. We focus on from green bean to the perfect cup for all levels.,Lifestyle & Garden
Candle Crafting Workshop. Discover the secrets of Candle Crafting. This interactive workshop covers using soy wax and organic scents and more.,Lifestyle & Garden
Bonsai Tree Care: Beginner to Pro. Discover the secrets of Bonsai Tree Care. This interactive workshop covers pruning and shaping miniature trees and more.,Lifestyle & Garden
Mastering Sustainable Fashion. An immersive experience in Sustainable Fashion. Perfect for those interested in upcycling old clothes into modern pieces.,Lifestyle & Garden
Terrace Farming: Beginner to Pro. Discover the secrets of Terrace Farming. This interactive workshop covers growing organic vegetables in urban spaces and more.,Lifestyle & Garden
Beekeeping Basics Workshop. Learn the art of Beekeeping Basics. Join our expert-led session to master maintaining hives and harvesting honey.,Lifestyle & Garden
Mastering Zero Waste Living. Master Zero Waste Living in this intensive masterclass. We focus on practical steps to reduce household plastic for all levels.,Lifestyle & Garden
Indoor Plant Styling: Beginner to Pro. Practical Indoor Plant Styling workshop. Hands-on learning focused on matching plants to your home's lighting.,Lifestyle & Garden
The Art of Terrace Farming. An immersive experience in Terrace Farming. Perfect for those interested in growing organic vegetables in urban spaces.,Lifestyle & Garden
Mastering Zero Waste Living. An immersive experience in Zero Waste Living. Perfect for those interested in practical steps to reduce household plastic.,Lifestyle & Garden
Sustainable Fashion Workshop. An immersive experience in Sustainable Fashion. Perfect for those interested in upcycling old clothes into modern pieces.,Lifestyle & Garden
Traditional Zero Waste Living Class. Learn the art of Zero Waste Living. Join our expert-led session to master practical steps to reduce household plastic.,Lifestyle & Garden
Mastering Beekeeping Basics. Practical Beekeeping Basics workshop. Hands-on learning focused on maintaining hives and harvesting honey.,Lifestyle & Garden
The Art of Bonsai Tree Care. Practical Bonsai Tree Care workshop. Hands-on learning focused on pruning and shaping miniature trees.,Lifestyle & Garden
Terrace Farming: Beginner to Pro. Practical Terrace Farming workshop. Hands-on learning focused on growing organic vegetables in urban spaces.,Lifestyle & Garden
Organic Soap Making Experience. Discover the secrets of Organic Soap Making. This interactive workshop covers cold-process soap using natural herbs and more.,Lifestyle & Garden
Bonsai Tree Care Workshop. Discover the secrets of Bonsai Tree Care. This interactive workshop covers pruning and shaping miniature trees and more.,Lifestyle & Garden
Traditional Indoor Plant Styling Class. Master Indoor Plant Styling in this intensive masterclass. We focus on matching plants to your home's lighting for all levels.,Lifestyle & Garden
The Art of Bonsai Tree Care. Learn the art of Bonsai Tree Care. Join our expert-led session to master pruning and shaping miniature trees.,Lifestyle & Garden
Indoor Plant Styling Workshop. Discover the secrets of Indoor Plant Styling. This interactive workshop covers matching plants to your home's lighting and more.,Lifestyle & Garden
Introduction to Zero Waste Living. Traditional Zero Waste Living session. Connect with the roots of practical steps to reduce household plastic.,Lifestyle & Garden
The Art of Candle Crafting. Discover the secrets of Candle Crafting. This interactive workshop covers using soy wax and organic scents and more.,Lifestyle & Garden
Zero Waste Living: Beginner to Pro. Learn the art of Zero Waste Living. Join our expert-led session to master practical steps to reduce household plastic.,Lifestyle & Garden
Beekeeping Basics Experience. Learn the art of Beekeeping Basics. Join our expert-led session to master maintaining hives and harvesting honey.,Lifestyle & Garden
Candle Crafting Workshop. An immersive experience in Candle Crafting. Perfect for those interested in using soy wax and organic scents.,Lifestyle & Garden
Zero Waste Living: Beginner to Pro. Practical Zero Waste Living workshop. Hands-on learning focused on practical steps to reduce household plastic.,Lifestyle & Garden
Bonsai Tree Care Experience. Unleash your creativity with Bonsai Tree Care. A dedicated space for pruning and shaping miniature trees.,Lifestyle & Garden
Mastering Candle Crafting. Discover the secrets of Candle Crafting. This interactive workshop covers using soy wax and organic scents and more.,Lifestyle & Garden
Mastering Candle Crafting. Traditional Candle Crafting session. Connect with the roots of using soy wax and organic scents.,Lifestyle & Garden
Mastering Candle Crafting. Practical Candle Crafting workshop. Hands-on learning focused on using soy wax and organic scents.,Lifestyle & Garden
The Art of Indoor Plant Styling. Master Indoor Plant Styling in this intensive masterclass. We focus on matching plants to your home's lighting for all levels.,Lifestyle & Garden
Terrace Farming Experience. Traditional Terrace Farming session. Connect with the roots of growing organic vegetables in urban spaces.,Lifestyle & Garden
The Art of Bonsai Tree Care. Traditional Bonsai Tree Care session. Connect with the roots of pruning and shaping miniature trees.,Lifestyle & Garden
Mastering Organic Soap Making. Traditional Organic Soap Making session. Connect with the roots of cold-process soap using natural herbs.,Lifestyle & Garden
Introduction to Coffee Roasting. Traditional Coffee Roasting session. Connect with the roots of from green bean to the perfect cup.,Lifestyle & Garden
Introduction to Bonsai Tree Care. Unleash your creativity with Bonsai Tree Care. A dedicated space for pruning and shaping miniature trees.,Lifestyle & Garden
Traditional Beekeeping Basics Class. Practical Beekeeping Basics workshop. Hands-on learning focused on maintaining hives and harvesting honey.,Lifestyle & Garden
Bonsai Tree Care: Beginner to Pro. Discover the secrets of Bonsai Tree Care. This interactive workshop covers pruning and shaping miniature trees and more.,Lifestyle & Garden
Organic Soap Making: Beginner to Pro. Discover the secrets of Organic Soap Making. This interactive workshop covers cold-process soap using natural herbs and more.,Lifestyle & Garden
Bonsai Tree Care Workshop. An immersive experience in Bonsai Tree Care. Perfect for those interested in pruning and shaping miniature trees.,Lifestyle & Garden
The Art of Sustainable Fashion. Master Sustainable Fashion in this intensive masterclass. We focus on upcycling old clothes into modern pieces for all levels.,Lifestyle & Garden
Introduction to Indoor Plant Styling. Unleash your creativity with Indoor Plant Styling. A dedicated space for matching plants to your home's lighting.,Lifestyle & Garden
The Art of Indoor Plant Styling. An immersive experience in Indoor Plant Styling. Perfect for those interested in matching plants to your home's lighting.,Lifestyle & Garden
The Art of Candle Crafting. Discover the secrets of Candle Crafting. This interactive workshop covers using soy wax and organic scents and more.,Lifestyle & Garden
Beekeeping Basics Experience. Discover the secrets of Beekeeping Basics. This interactive workshop covers maintaining hives and harvesting honey and more.,Lifestyle & Garden
Organic Soap Making Workshop. Traditional Organic Soap Making session. Connect with the roots of cold-process soap using natural herbs.,Lifestyle & Garden
Organic Soap Making Experience. Learn the art of Organic Soap Making. Join our expert-led session to master cold-process soap using natural herbs.,Lifestyle & Garden
Terrace Farming Workshop. Discover the secrets of Terrace Farming. This interactive workshop covers growing organic vegetables in urban spaces and more.,Lifestyle & Garden
Traditional Zero Waste Living Class. Master Zero Waste Living in this intensive masterclass. We focus on practical steps to reduce household plastic for all levels.,Lifestyle & Garden
Traditional Indoor Plant Styling Class. Unleash your creativity with Indoor Plant Styling. A dedicated space for matching plants to your home's lighting.,Lifestyle & Garden
Bonsai Tree Care Experience. Practical Bonsai Tree Care workshop. Hands-on learning focused on pruning and shaping miniature trees.,Lifestyle & Garden
Traditional Bonsai Tree Care Class. Master Bonsai Tree Care in this intensive masterclass. We focus on pruning and shaping miniature trees for all levels.,Lifestyle & Garden
Mastering Zero Waste Living. Unleash your creativity with Zero Waste Living. A dedicated space for practical steps to reduce household plastic.,Lifestyle & Garden
Indoor Plant Styling: Beginner to Pro. An immersive experience in Indoor Plant Styling. Perfect for those interested in matching plants to your home's lighting.,Lifestyle & Garden
Bonsai Tree Care: Beginner to Pro. Learn the art of Bonsai Tree Care. Join our expert-led session to master pruning and shaping miniature trees.,Lifestyle & Garden
Candle Crafting: Beginner to Pro. Master Candle Crafting in this intensive masterclass. We focus on using soy wax and organic scents for all levels.,Lifestyle & Garden
Introduction to Bonsai Tree Care. Master Bonsai Tree Care in this intensive masterclass. We focus on pruning and shaping miniature trees for all levels.,Lifestyle & Garden
Introduction to Terrace Farming. Discover the secrets of Terrace Farming. This interactive workshop covers growing organic vegetables in urban spaces and more.,Lifestyle & Garden
Introduction to Zero Waste Living. Discover the secrets of Zero Waste Living. This interactive workshop covers practical steps to reduce household plastic and more.,Lifestyle & Garden
Terrace Farming Experience. Master Terrace Farming in this intensive masterclass. We focus on growing organic vegetables in urban spaces for all levels.,Lifestyle & Garden
Beekeeping Basics Workshop. Unleash your creativity with Beekeeping Basics. A dedicated space for maintaining hives and harvesting honey.,Lifestyle & Garden
The Art of Bonsai Tree Care. Master Bonsai Tree Care in this intensive masterclass. We focus on pruning and shaping miniature trees for all levels.,Lifestyle & Garden
Traditional Organic Soap Making Class. An immersive experience in Organic Soap Making. Perfect for those interested in cold-process soap using natural herbs.,Lifestyle & Garden
Coffee Roasting Experience. An immersive experience in Coffee Roasting. Perfect for those interested in from green bean to the perfect cup.,Lifestyle & Garden
Traditional Sustainable Fashion Class. Unleash your creativity with Sustainable Fashion. A dedicated space for upcycling old clothes into modern pieces.,Lifestyle & Garden
Beekeeping Basics Workshop. Practical Beekeeping Basics workshop. Hands-on learning focused on maintaining hives and harvesting honey.,Lifestyle & Garden
Beekeeping Basics Workshop. Practical Beekeeping Basics workshop. Hands-on learning focused on maintaining hives and harvesting honey.,Lifestyle & Garden
Home Composting: Beginner to Pro. Unleash your creativity with Home Composting. A dedicated space for turning kitchen waste into rich black gold.,Lifestyle & Garden
Bonsai Tree Care Experience. Discover the secrets of Bonsai Tree Care. This interactive workshop covers pruning and shaping miniature trees and more.,Lifestyle & Garden
Home Composting Workshop. Discover the secrets of Home Composting. This interactive workshop covers turning kitchen waste into rich black gold and more.,Lifestyle & Garden
Terrace Farming Experience. An immersive experience in Terrace Farming. Perfect for those interested in growing organic vegetables in urban spaces.,Lifestyle & Garden
Bonsai Tree Care Experience. Unleash your creativity with Bonsai Tree Care. A dedicated space for pruning and shaping miniature trees.,Lifestyle & Garden
Terrace Farming: Beginner to Pro. An immersive experience in Terrace Farming. Perfect for those interested in growing organic vegetables in urban spaces.,Lifestyle & Garden
Mastering Organic Soap Making. Traditional Organic Soap Making session. Connect with the roots of cold-process soap using natural herbs.,Lifestyle & Garden
Traditional Organic Soap Making Class. Learn the art of Organic Soap Making. Join our expert-led session to master cold-process soap using natural herbs.,Lifestyle & Garden
Introduction to Bonsai Tree Care. Traditional Bonsai Tree Care session. Connect with the roots of pruning and shaping miniature trees.,Lifestyle & Garden
Candle Crafting: Beginner to Pro. Unleash your creativity with Candle Crafting. A dedicated space for using soy wax and organic scents.,Lifestyle & Garden
Introduction to Beekeeping Basics. Discover the secrets of Beekeeping Basics. This interactive workshop covers maintaining hives and harvesting honey and more.,Lifestyle & Garden
Coffee Roasting: Beginner to Pro. Learn the art of Coffee Roasting. Join our expert-led session to master from green bean to the perfect cup.,Lifestyle & Garden
Coffee Roasting Workshop. Unleash your creativity with Coffee Roasting. A dedicated space for from green bean to the perfect cup.,Lifestyle & Garden
Introduction to Organic Soap Making. Learn the art of Organic Soap Making. Join our expert-led session to master cold-process soap using natural herbs.,Lifestyle & Garden
The Art of Sustainable Fashion. Learn the art of Sustainable Fashion. Join our expert-led session to master upcycling old clothes into modern pieces.,Lifestyle & Garden
Indoor Plant Styling Workshop. Master Indoor Plant Styling in this intensive masterclass. We focus on matching plants to your home's lighting for all levels.,Lifestyle & Garden
The Art of Terrace Farming. Unleash your creativity with Terrace Farming. A dedicated space for growing organic vegetables in urban spaces.,Lifestyle & Garden
Traditional Organic Soap Making Class. An immersive experience in Organic Soap Making. Perfect for those interested in cold-process soap using natural herbs.,Lifestyle & Garden
Introduction to Candle Crafting. Discover the secrets of Candle Crafting. This interactive workshop covers using soy wax and organic scents and more.,Lifestyle & Garden
Traditional Indoor Plant Styling Class. Traditional Indoor Plant Styling session. Connect with the roots of matching plants to your home's lighting.,Lifestyle & Garden
Mastering Beekeeping Basics. Traditional Beekeeping Basics session. Connect with the roots of maintaining hives and harvesting honey.,Lifestyle & Garden
Mastering Bonsai Tree Care. Discover the secrets of Bonsai Tree Care. This interactive workshop covers pruning and shaping miniature trees and more.,Lifestyle & Garden
Zero Waste Living Experience. Discover the secrets of Zero Waste Living. This interactive workshop covers practical steps to reduce household plastic and more.,Lifestyle & Garden
Sustainable Fashion Workshop. Master Sustainable Fashion in this intensive masterclass. We focus on upcycling old clothes into modern pieces for all levels.,Lifestyle & Garden
Bonsai Tree Care: Beginner to Pro. Unleash your creativity with Bonsai Tree Care. A dedicated space for pruning and shaping miniature trees.,Lifestyle & Garden
Traditional Terrace Farming Class. Learn the art of Terrace Farming. Join our expert-led session to master growing organic vegetables in urban spaces.,Lifestyle & Garden
Beekeeping Basics Workshop. Unleash your creativity with Beekeeping Basics. A dedicated space for maintaining hives and harvesting honey.,Lifestyle & Garden
Traditional Beekeeping Basics Class. Master Beekeeping Basics in this intensive masterclass. We focus on maintaining hives and harvesting honey for all levels.,Lifestyle & Garden
Traditional Sustainable Fashion Class. Learn the art of Sustainable Fashion. Join our expert-led session to master upcycling old clothes into modern pieces.,Lifestyle & Garden
Indoor Plant Styling Experience. Master Indoor Plant Styling in this intensive masterclass. We focus on matching plants to your home's lighting for all levels.,Lifestyle & Garden
Introduction to Coffee Roasting. Practical Coffee Roasting workshop. Hands-on learning focused on from green bean to the perfect cup.,Lifestyle & Garden
Mastering Sustainable Fashion. Learn the art of Sustainable Fashion. Join our expert-led session to master upcycling old clothes into modern pieces.,Lifestyle & Garden
The Art of Indoor Plant Styling. Master Indoor Plant Styling in this intensive masterclass. We focus on matching plants to your home's lighting for all levels.,Lifestyle & Garden
Mastering Organic Soap Making. Unleash your creativity with Organic Soap Making. A dedicated space for cold-process soap using natural herbs.,Lifestyle & Garden
Indoor Plant Styling Workshop. Discover the secrets of Indoor Plant Styling. This interactive workshop covers matching plants to your home's lighting and more.,Lifestyle & Garden
The Art of Indoor Plant Styling. Unleash your creativity with Indoor Plant Styling. A dedicated space for matching plants to your home's lighting.,Lifestyle & Garden
Traditional Home Composting Class. Master Home Composting in this intensive masterclass. We focus on turning kitchen waste into rich black gold for all levels.,Lifestyle & Garden
Mastering Zero Waste Living. Traditional Zero Waste Living session. Connect with the roots of practical steps to reduce household plastic.,Lifestyle & Garden
Mastering Beekeeping Basics. Practical Beekeeping Basics workshop. Hands-on learning focused on maintaining hives and harvesting honey.,Lifestyle & Garden
Traditional Zero Waste Living Class. Discover the secrets of Zero Waste Living. This interactive workshop covers practical steps to reduce household plastic and more.,Lifestyle & Garden
Zero Waste Living Experience. Unleash your creativity with Zero Waste Living. A dedicated space for practical steps to reduce household plastic.,Lifestyle & Garden
Terrace Farming Experience. Traditional Terrace Farming session. Connect with the roots of growing organic vegetables in urban spaces.,Lifestyle & Garden
Traditional Zero Waste Living Class. Learn the art of Zero Waste Living. Join our expert-led session to master practical steps to reduce household plastic.,Lifestyle & Garden
Sustainable Fashion: Beginner to Pro. Learn the art of Sustainable Fashion. Join our expert-led session to master upcycling old clothes into modern pieces.,Lifestyle & Garden
Coffee Roasting Workshop. Master Coffee Roasting in this intensive masterclass. We focus on from green bean to the perfect cup for all levels.,Lifestyle & Garden
Introduction to Indoor Plant Styling. Learn the art of Indoor Plant Styling. Join our expert-led session to master matching plants to your home's lighting.,Lifestyle & Garden
Introduction to Home Composting. Traditional Home Composting session. Connect with the roots of turning kitchen waste into rich black gold.,Lifestyle & Garden
Candle Crafting Workshop. Learn the art of Candle Crafting. Join our expert-led session to master using soy wax and organic scents.,Lifestyle & Garden
Introduction to Candle Crafting. Unleash your creativity with Candle Crafting. A dedicated space for using soy wax and organic scents.,Lifestyle & Garden
Mastering Candle Crafting. Learn the art of Candle Crafting. Join our expert-led session to master using soy wax and organic scents.,Lifestyle & Garden
The Art of Sustainable Fashion. Learn the art of Sustainable Fashion. Join our expert-led session to master upcycling old clothes into modern pieces.,Lifestyle & Garden
Introduction to Terrace Farming. Traditional Terrace Farming session. Connect with the roots of growing organic vegetables in urban spaces.,Lifestyle & Garden
Traditional Indoor Plant Styling Class. Master Indoor Plant Styling in this intensive masterclass. We focus on matching plants to your home's lighting for all levels.,Lifestyle & Garden
The Art of Terrace Farming. Master Terrace Farming in this intensive masterclass. We focus on growing organic vegetables in urban spaces for all levels.,Lifestyle & Garden
The Art of Sustainable Fashion. Unleash your creativity with Sustainable Fashion. A dedicated space for upcycling old clothes into modern pieces.,Lifestyle & Garden
Traditional Beekeeping Basics Class. Traditional Beekeeping Basics session. Connect with the roots of maintaining hives and harvesting honey.,Lifestyle & Garden
Introduction to Bonsai Tree Care. Master Bonsai Tree Care in this intensive masterclass. We focus on pruning and shaping miniature trees for all levels.,Lifestyle & Garden
Terrace Farming Experience. Discover the secrets of Terrace Farming. This interactive workshop covers growing organic vegetables in urban spaces and more.,Lifestyle & Garden
Coffee Roasting: Beginner to Pro. Learn the art of Coffee Roasting. Join our expert-led session to master from green bean to the perfect cup.,Lifestyle & Garden
Mastering Terrace Farming. Traditional Terrace Farming session. Connect with the roots of growing organic vegetables in urban spaces.,Lifestyle & Garden
The Art of Terrace Farming. An immersive experience in Terrace Farming. Perfect for those interested in growing organic vegetables in urban spaces.,Lifestyle & Garden
Traditional Sustainable Fashion Class. Practical Sustainable Fashion workshop. Hands-on learning focused on upcycling old clothes into modern pieces.,Lifestyle & Garden
Mastering Coffee Roasting. Learn the art of Coffee Roasting. Join our expert-led session to master from green bean to the perfect cup.,Lifestyle & Garden
Traditional Beekeeping Basics Class. Traditional Beekeeping Basics session. Connect with the roots of maintaining hives and harvesting honey.,Lifestyle & Garden
Candle Crafting Workshop. Unleash your creativity with Candle Crafting. A dedicated space for using soy wax and organic scents.,Lifestyle & Garden
Traditional Sustainable Fashion Class. An immersive experience in Sustainable Fashion. Perfect for those interested in upcycling old clothes into modern pieces.,Lifestyle & Garden
Bonsai Tree Care: Beginner to Pro. Discover the secrets of Bonsai Tree Care. This interactive workshop covers pruning and shaping miniature trees and more.,Lifestyle & Garden
Introduction to Terrace Farming. Discover the secrets of Terrace Farming. This interactive workshop covers growing organic vegetables in urban spaces and more.,Lifestyle & Garden
Introduction to Indoor Plant Styling. Master Indoor Plant Styling in this intensive masterclass. We focus on matching plants to your home's lighting for all levels.,Lifestyle & Garden
Candle Crafting Experience. Traditional Candle Crafting session. Connect with the roots of using soy wax and organic scents.,Lifestyle & Garden
Coffee Roasting Experience. Unleash your creativity with Coffee Roasting. A dedicated space for from green bean to the perfect cup.,Lifestyle & Garden
Introduction to Bonsai Tree Care. Discover the secrets of Bonsai Tree Care. This interactive workshop covers pruning and shaping miniature trees and more.,Lifestyle & Garden
Traditional Organic Soap Making Class. Learn the art of Organic Soap Making. Join our expert-led session to master cold-process soap using natural herbs.,Lifestyle & Garden
Traditional Zero Waste Living Class. Traditional Zero Waste Living session. Connect with the roots of practical steps to reduce household plastic.,Lifestyle & Garden
The Art of Organic Soap Making. Discover the secrets of Organic Soap Making. This interactive workshop covers cold-process soap using natural herbs and more.,Lifestyle & Garden
Introduction to Sustainable Fashion. An immersive experience in Sustainable Fashion. Perfect for those interested in upcycling old clothes into modern pieces.,Lifestyle & Garden
The Art of Terrace Farming. Practical Terrace Farming workshop. Hands-on learning focused on growing organic vegetables in urban spaces.,Lifestyle & Garden
The Art of Bonsai Tree Care. Learn the art of Bonsai Tree Care. Join our expert-led session to master pruning and shaping miniature trees.,Lifestyle & Garden
Terrace Farming Workshop. Master Terrace Farming in this intensive masterclass. We focus on growing organic vegetables in urban spaces for all levels.,Lifestyle & Garden
Indoor Plant Styling Experience. Traditional Indoor Plant Styling session. Connect with the roots of matching plants to your home's lighting.,Lifestyle & Garden
The Art of Indoor Plant Styling. Master Indoor Plant Styling in this intensive masterclass. We focus on matching plants to your home's lighting for all levels.,Lifestyle & Garden
Candle Crafting Workshop. Master Candle Crafting in this intensive masterclass. We focus on using soy wax and organic scents for all levels.,Lifestyle & Garden
Traditional Organic Soap Making Class. Discover the secrets of Organic Soap Making. This interactive workshop covers cold-process soap using natural herbs and more.,Lifestyle & Garden
Sustainable Fashion: Beginner to Pro. Practical Sustainable Fashion workshop. Hands-on learning focused on upcycling old clothes into modern pieces.,Lifestyle & Garden
Candle Crafting Workshop. Practical Candle Crafting workshop. Hands-on learning focused on using soy wax and organic scents.,Lifestyle & Garden
Indoor Plant Styling: Beginner to Pro. Learn the art of Indoor Plant Styling. Join our expert-led session to master matching plants to your home's lighting.,Lifestyle & Garden
Introduction to Home Composting. Learn the art of Home Composting. Join our expert-led session to master turning kitchen waste into rich black gold.,Lifestyle & Garden
The Art of Home Composting. Traditional Home Composting session. Connect with the roots of turning kitchen waste into rich black gold.,Lifestyle & Garden
Candle Crafting Experience. Traditional Candle Crafting session. Connect with the roots of using soy wax and organic scents.,Lifestyle & Garden
Sustainable Fashion Experience. An immersive experience in Sustainable Fashion. Perfect for those interested in upcycling old clothes into modern pieces.,Lifestyle & Garden
Traditional Terrace Farming Class. Learn the art of Terrace Farming. Join our expert-led session to master growing organic vegetables in urban spaces.,Lifestyle & Garden
Mastering Zero Waste Living. Practical Zero Waste Living workshop. Hands-on learning focused on practical steps to reduce household plastic.,Lifestyle & Garden
The Art of Zero Waste Living. Unleash your creativity with Zero Waste Living. A dedicated space for practical steps to reduce household plastic.,Lifestyle & Garden
Candle Crafting Workshop. Master Candle Crafting in this intensive masterclass. We focus on using soy wax and organic scents for all levels.,Lifestyle & Garden
Mastering Sustainable Fashion. Learn the art of Sustainable Fashion. Join our expert-led session to master upcycling old clothes into modern pieces.,Lifestyle & Garden
Traditional Bonsai Tree Care Class. Traditional Bonsai Tree Care session. Connect with the roots of pruning and shaping miniature trees.,Lifestyle & Garden
Indoor Plant Styling Workshop. Unleash your creativity with Indoor Plant Styling. A dedicated space for matching plants to your home's lighting.,Lifestyle & Garden
Indoor Plant Styling Workshop. Practical Indoor Plant Styling workshop. Hands-on learning focused on matching plants to your home's lighting.,Lifestyle & Garden
Zero Waste Living Workshop. Discover the secrets of Zero Waste Living. This interactive workshop covers practical steps to reduce household plastic and more.,Lifestyle & Garden
Beekeeping Basics Workshop. Traditional Beekeeping Basics session. Connect with the roots of maintaining hives and harvesting honey.,Lifestyle & Garden
Bonsai Tree Care Experience. Traditional Bonsai Tree Care session. Connect with the roots of pruning and shaping miniature trees.,Lifestyle & Garden
Coffee Roasting Experience. Unleash your creativity with Coffee Roasting. A dedicated space for from green bean to the perfect cup.,Lifestyle & Garden
The Art of Coffee Roasting. Traditional Coffee Roasting session. Connect with the roots of from green bean to the perfect cup.,Lifestyle & Garden
Mastering Organic Soap Making. Discover the secrets of Organic Soap Making. This interactive workshop covers cold-process soap using natural herbs and more.,Lifestyle & Garden
Indoor Plant Styling Experience. Master Indoor Plant Styling in this intensive masterclass. We focus on matching plants to your home's lighting for all levels.,Lifestyle & Garden
Home Composting: Beginner to Pro. Discover the secrets of Home Composting. This interactive workshop covers turning kitchen waste into rich black gold and more.,Lifestyle & Garden
Coffee Roasting Workshop. Discover the secrets of Coffee Roasting. This interactive workshop covers from green bean to the perfect cup and more.,Lifestyle & Garden
Mastering Coffee Roasting. Traditional Coffee Roasting session. Connect with the roots of from green bean to the perfect cup.,Lifestyle & Garden
The Art of Organic Soap Making. Practical Organic Soap Making workshop. Hands-on learning focused on cold-process soap using natural herbs.,Lifestyle & Garden
The Art of Beekeeping Basics. Discover the secrets of Beekeeping Basics. This interactive workshop covers maintaining hives and harvesting honey and more.,Lifestyle & Garden
Bonsai Tree Care Workshop. Master Bonsai Tree Care in this intensive masterclass. We focus on pruning and shaping miniature trees for all levels.,Lifestyle & Garden
Candle Crafting Experience. Learn the art of Candle Crafting. Join our expert-led session to master using soy wax and organic scents.,Lifestyle & Garden
Bonsai Tree Care: Beginner to Pro. An immersive experience in Bonsai Tree Care. Perfect for those interested in pruning and shaping miniature trees.,Lifestyle & Garden
Mastering Zero Waste Living. An immersive experience in Zero Waste Living. Perfect for those interested in practical steps to reduce household plastic.,Lifestyle & Garden
Coffee Roasting Experience. Discover the secrets of Coffee Roasting. This interactive workshop covers from green bean to the perfect cup and more.,Lifestyle & Garden
Candle Crafting: Beginner to Pro. Traditional Candle Crafting session. Connect with the roots of using soy wax and organic scents.,Lifestyle & Garden
Coffee Roasting: Beginner to Pro. Master Coffee Roasting in this intensive masterclass. We focus on from green bean to the perfect cup for all levels.,Lifestyle & Garden
The Art of Indoor Plant Styling. Master Indoor Plant Styling in this intensive masterclass. We focus on matching plants to your home's lighting for all levels.,Lifestyle & Garden
Mastering Coffee Roasting. An immersive experience in Coffee Roasting. Perfect for those interested in from green bean to the perfect cup.,Lifestyle & Garden
The Art of Sustainable Fashion. Traditional Sustainable Fashion session. Connect with the roots of upcycling old clothes into modern pieces.,Lifestyle & Garden
Candle Crafting Workshop. Discover the secrets of Candle Crafting. This interactive workshop covers using soy wax and organic scents and more.,Lifestyle & Garden
Terrace Farming Workshop. Master Terrace Farming in this intensive masterclass. We focus on growing organic vegetables in urban spaces for all levels.,Lifestyle & Garden
Bonsai Tree Care Experience. An immersive experience in Bonsai Tree Care. Perfect for those interested in pruning and shaping miniature trees.,Lifestyle & Garden
Introduction to Terrace Farming. Learn the art of Terrace Farming. Join our expert-led session to master growing organic vegetables in urban spaces.,Lifestyle & Garden
Zero Waste Living Workshop. Traditional Zero Waste Living session. Connect with the roots of practical steps to reduce household plastic.,Lifestyle & Garden
Mastering Terrace Farming. Practical Terrace Farming workshop. Hands-on learning focused on growing organic vegetables in urban spaces.,Lifestyle & Garden
Home Composting Workshop. Learn the art of Home Composting. Join our expert-led session to master turning kitchen waste into rich black gold.,Lifestyle & Garden
The Art of Coffee Roasting. Discover the secrets of Coffee Roasting. This interactive workshop covers from green bean to the perfect cup and more.,Lifestyle & Garden
Introduction to Bonsai Tree Care. Master Bonsai Tree Care in this intensive masterclass. We focus on pruning and shaping miniature trees for all levels.,Lifestyle & Garden
Mastering Terrace Farming. Master Terrace Farming in this intensive masterclass. We focus on growing organic vegetables in urban spaces for all levels.,Lifestyle & Garden
Introduction to Indoor Plant Styling. An immersive experience in Indoor Plant Styling. Perfect for those interested in matching plants to your home's lighting.,Lifestyle & Garden
The Art of Zero Waste Living. Learn the art of Zero Waste Living. Join our expert-led session to master practical steps to reduce household plastic.,Lifestyle & Garden
Bonsai Tree Care Experience. Master Bonsai Tree Care in this intensive masterclass. We focus on pruning and shaping miniature trees for all levels.,Lifestyle & Garden
Terrace Farming: Beginner to Pro. Practical Terrace Farming workshop. Hands-on learning focused on growing organic vegetables in urban spaces.,Lifestyle & Garden
The Art of Candle Crafting. Traditional Candle Crafting session. Connect with the roots of using soy wax and organic scents.,Lifestyle & Garden
Coffee Roasting: Beginner to Pro. Master Coffee Roasting in this intensive masterclass. We focus on from green bean to the perfect cup for all levels.,Lifestyle & Garden
Mastering Coffee Roasting. Traditional Coffee Roasting session. Connect with the roots of from green bean to the perfect cup.,Lifestyle & Garden
Organic Soap Making Experience. Practical Organic Soap Making workshop. Hands-on learning focused on cold-process soap using natural herbs.,Lifestyle & Garden
The Art of Sustainable Fashion. Learn the art of Sustainable Fashion. Join our expert-led session to master upcycling old clothes into modern pieces.,Lifestyle & Garden
Sustainable Fashion Workshop. Practical Sustainable Fashion workshop. Hands-on learning focused on upcycling old clothes into modern pieces.,Lifestyle & Garden
Home Composting: Beginner to Pro. Unleash your creativity with Home Composting. A dedicated space for turning kitchen waste into rich black gold.,Lifestyle & Garden
Introduction to Sustainable Fashion. Discover the secrets of Sustainable Fashion. This interactive workshop covers upcycling old clothes into modern pieces and more.,Lifestyle & Garden
Beekeeping Basics: Beginner to Pro. Learn the art of Beekeeping Basics. Join our expert-led session to master maintaining hives and harvesting honey.,Lifestyle & Garden
Traditional Zero Waste Living Class. Discover the secrets of Zero Waste Living. This interactive workshop covers practical steps to reduce household plastic and more.,Lifestyle & Garden
Introduction to Zero Waste Living. Discover the secrets of Zero Waste Living. This interactive workshop covers practical steps to reduce household plastic and more.,Lifestyle & Garden
Beekeeping Basics Experience. Master Beekeeping Basics in this intensive masterclass. We focus on maintaining hives and harvesting honey for all levels.,Lifestyle & Garden
Home Composting Workshop. Practical Home Composting workshop. Hands-on learning focused on turning kitchen waste into rich black gold.,Lifestyle & Garden
Mastering Candle Crafting. Master Candle Crafting in this intensive masterclass. We focus on using soy wax and organic scents for all levels.,Lifestyle & Garden
Bonsai Tree Care: Beginner to Pro. Learn the art of Bonsai Tree Care. Join our expert-led session to master pruning and shaping miniature trees.,Lifestyle & Garden
Candle Crafting Workshop. Discover the secrets of Candle Crafting. This interactive workshop covers using soy wax and organic scents and more.,Lifestyle & Garden
The Art of Home Composting. Discover the secrets of Home Composting. This interactive workshop covers turning kitchen waste into rich black gold and more.,Lifestyle & Garden
Home Composting Workshop. Traditional Home Composting session. Connect with the roots of turning kitchen waste into rich black gold.,Lifestyle & Garden
Home Composting Experience. Discover the secrets of Home Composting. This interactive workshop covers turning kitchen waste into rich black gold and more.,Lifestyle & Garden
Mastering Candle Crafting. An immersive experience in Candle Crafting. Perfect for those interested in using soy wax and organic scents.,Lifestyle & Garden
Candle Crafting: Beginner to Pro. Learn the art of Candle Crafting. Join our expert-led session to master using soy wax and organic scents.,Lifestyle & Garden
Organic Soap Making Experience. Traditional Organic Soap Making session. Connect with the roots of cold-process soap using natural herbs.,Lifestyle & Garden
Indoor Plant Styling Workshop. Traditional Indoor Plant Styling session. Connect with the roots of matching plants to your home's lighting.,Lifestyle & Garden
The Art of Sustainable Fashion. Master Sustainable Fashion in this intensive masterclass. We focus on upcycling old clothes into modern pieces for all levels.,Lifestyle & Garden
Introduction to Bonsai Tree Care. Master Bonsai Tree Care in this intensive masterclass. We focus on pruning and shaping miniature trees for all levels.,Lifestyle & Garden
Mastering Organic Soap Making. Master Organic Soap Making in this intensive masterclass. We focus on cold-process soap using natural herbs for all levels.,Lifestyle & Garden
Introduction to Candle Crafting. Unleash your creativity with Candle Crafting. A dedicated space for using soy wax and organic scents.,Lifestyle & Garden
Mastering Terrace Farming. Traditional Terrace Farming session. Connect with the roots of growing organic vegetables in urban spaces.,Lifestyle & Garden
Mastering Indoor Plant Styling. Learn the art of Indoor Plant Styling. Join our expert-led session to master matching plants to your home's lighting.,Lifestyle & Garden
Traditional Indoor Plant Styling Class. Traditional Indoor Plant Styling session. Connect with the roots of matching plants to your home's lighting.,Lifestyle & Garden
Beekeeping Basics Workshop. Traditional Beekeeping Basics session. Connect with the roots of maintaining hives and harvesting honey.,Lifestyle & Garden
Mastering Beekeeping Basics. Practical Beekeeping Basics workshop. Hands-on learning focused on maintaining hives and harvesting honey.,Lifestyle & Garden
Introduction to Candle Crafting. Discover the secrets of Candle Crafting. This interactive workshop covers using soy wax and organic scents and more.,Lifestyle & Garden
Organic Soap Making: Beginner to Pro. Learn the art of Organic Soap Making. Join our expert-led session to master cold-process soap using natural herbs.,Lifestyle & Garden
Organic Soap Making Workshop. Practical Organic Soap Making workshop. Hands-on learning focused on cold-process soap using natural herbs.,Lifestyle & Garden
Organic Soap Making Workshop. Learn the art of Organic Soap Making. Join our expert-led session to master cold-process soap using natural herbs.,Lifestyle & Garden
Traditional Zero Waste Living Class. An immersive experience in Zero Waste Living. Perfect for those interested in practical steps to reduce household plastic.,Lifestyle & Garden
Beekeeping Basics Experience. Master Beekeeping Basics in this intensive masterclass. We focus on maintaining hives and harvesting honey for all levels.,Lifestyle & Garden
Bonsai Tree Care Workshop. Practical Bonsai Tree Care workshop. Hands-on learning focused on pruning and shaping miniature trees.,Lifestyle & Garden
Traditional Indoor Plant Styling Class. Learn the art of Indoor Plant Styling. Join our expert-led session to master matching plants to your home's lighting.,Lifestyle & Garden
Coffee Roasting Workshop. Traditional Coffee Roasting session. Connect with the roots of from green bean to the perfect cup.,Lifestyle & Garden
The Art of Indoor Plant Styling. An immersive experience in Indoor Plant Styling. Perfect for those interested in matching plants to your home's lighting.,Lifestyle & Garden
Traditional Home Composting Class. Master Home Composting in this intensive masterclass. We focus on turning kitchen waste into rich black gold for all levels.,Lifestyle & Garden
Coffee Roasting Workshop. Learn the art of Coffee Roasting. Join our expert-led session to master from green bean to the perfect cup.,Lifestyle & Garden
Introduction to Sustainable Fashion. Unleash your creativity with Sustainable Fashion. A dedicated space for upcycling old clothes into modern pieces.,Lifestyle & Garden
Mastering Coffee Roasting. Traditional Coffee Roasting session. Connect with the roots of from green bean to the perfect cup.,Lifestyle & Garden
Terrace Farming Workshop. Discover the secrets of Terrace Farming. This interactive workshop covers growing organic vegetables in urban spaces and more.,Lifestyle & Garden
Introduction to Beekeeping Basics. Traditional Beekeeping Basics session. Connect with the roots of maintaining hives and harvesting honey.,Lifestyle & Garden
Organic Soap Making Experience. An immersive experience in Organic Soap Making. Perfect for those interested in cold-process soap using natural herbs.,Lifestyle & Garden
Bonsai Tree Care: Beginner to Pro. Practical Bonsai Tree Care workshop. Hands-on learning focused on pruning and shaping miniature trees.,Lifestyle & Garden
Bonsai Tree Care Experience. Master Bonsai Tree Care in this intensive masterclass. We focus on pruning and shaping miniature trees for all levels.,Lifestyle & Garden
Mastering Coffee Roasting. Traditional Coffee Roasting session. Connect with the roots of from green bean to the perfect cup.,Lifestyle & Garden
Coffee Roasting Workshop. Unleash your creativity with Coffee Roasting. A dedicated space for from green bean to the perfect cup.,Lifestyle & Garden
Mastering Candle Crafting. Discover the secrets of Candle Crafting. This interactive workshop covers using soy wax and organic scents and more.,Lifestyle & Garden
Mastering Terrace Farming. Learn the art of Terrace Farming. Join our expert-led session to master growing organic vegetables in urban spaces.,Lifestyle & Garden
Coffee Roasting: Beginner to Pro. Practical Coffee Roasting workshop. Hands-on learning focused on from green bean to the perfect cup.,Lifestyle & Garden
Mastering Home Composting. Practical Home Composting workshop. Hands-on learning focused on turning kitchen waste into rich black gold.,Lifestyle & Garden
The Art of Zero Waste Living. Traditional Zero Waste Living session. Connect with the roots of practical steps to reduce household plastic.,Lifestyle & Garden
Bonsai Tree Care Workshop. Unleash your creativity with Bonsai Tree Care. A dedicated space for pruning and shaping miniature trees.,Lifestyle & Garden
Coffee Roasting: Beginner to Pro. Master Coffee Roasting in this intensive masterclass. We focus on from green bean to the perfect cup for all levels.,Lifestyle & Garden
Introduction to Sustainable Fashion. Traditional Sustainable Fashion session. Connect with the roots of upcycling old clothes into modern pieces.,Lifestyle & Garden
Sustainable Fashion: Beginner to Pro. Discover the secrets of Sustainable Fashion. This interactive workshop covers upcycling old clothes into modern pieces and more.,Lifestyle & Garden
Coffee Roasting: Beginner to Pro. Unleash your creativity with Coffee Roasting. A dedicated space for from green bean to the perfect cup.,Lifestyle & Garden
Indoor Plant Styling Experience. Learn the art of Indoor Plant Styling. Join our expert-led session to master matching plants to your home's lighting.,Lifestyle & Garden
Home Composting Experience. Learn the art of Home Composting. Join our expert-led session to master turning kitchen waste into rich black gold.,Lifestyle & Garden
Coffee Roasting Experience. Unleash your creativity with Coffee Roasting. A dedicated space for from green bean to the perfect cup.,Lifestyle & Garden
Traditional Organic Soap Making Class. Traditional Organic Soap Making session. Connect with the roots of cold-process soap using natural herbs.,Lifestyle & Garden
Zero Waste Living: Beginner to Pro. Discover the secrets of Zero Waste Living. This interactive workshop covers practical steps to reduce household plastic and more.,Lifestyle & Garden
Introduction to Coffee Roasting. An immersive experience in Coffee Roasting. Perfect for those interested in from green bean to the perfect cup.,Lifestyle & Garden
Indoor Plant Styling Experience. Traditional Indoor Plant Styling session. Connect with the roots of matching plants to your home's lighting.,Lifestyle & Garden
The Art of Home Composting. Practical Home Composting workshop. Hands-on learning focused on turning kitchen waste into rich black gold.,Lifestyle & Garden
The Art of Organic Soap Making. Master Organic Soap Making in this intensive masterclass. We focus on cold-process soap using natural herbs for all levels.,Lifestyle & Garden
Terrace Farming: Beginner to Pro. Discover the secrets of Terrace Farming. This interactive workshop covers growing organic vegetables in urban spaces and more.,Lifestyle & Garden
Mastering Coffee Roasting. Unleash your creativity with Coffee Roasting. A dedicated space for from green bean to the perfect cup.,Lifestyle & Garden
Traditional Terrace Farming Class. Unleash your creativity with Terrace Farming. A dedicated space for growing organic vegetables in urban spaces.,Lifestyle & Garden
Introduction to Bonsai Tree Care. Discover the secrets of Bonsai Tree Care. This interactive workshop covers pruning and shaping miniature trees and more.,Lifestyle & Garden
Mastering Bonsai Tree Care. Learn the art of Bonsai Tree Care. Join our expert-led session to master pruning and shaping miniature trees.,Lifestyle & Garden
Bonsai Tree Care Experience. Master Bonsai Tree Care in this intensive masterclass. We focus on pruning and shaping miniature trees for all levels.,Lifestyle & Garden
Beekeeping Basics Workshop. Learn the art of Beekeeping Basics. Join our expert-led session to master maintaining hives and harvesting honey.,Lifestyle & Garden
Terrace Farming Workshop. Practical Terrace Farming workshop. Hands-on learning focused on growing organic vegetables in urban spaces.,Lifestyle & Garden
Organic Soap Making: Beginner to Pro. Learn the art of Organic Soap Making. Join our expert-led session to master cold-process soap using natural herbs.,Lifestyle & Garden
"Salsa Dancing Workshop. An immersive experience in Salsa Dancing. Perfect for those interested in rhythm, footwork, and partner coordination.",Performing Arts
Madal Playing: Beginner to Pro. Traditional Madal Playing session. Connect with the roots of mastering the heartbeat of Nepali folk music.,Performing Arts
Mastering Classic Theater. Unleash your creativity with Classic Theater. A dedicated space for improv techniques and stage presence.,Performing Arts
Traditional Traditional Lakhey Dance Class. Master Traditional Lakhey Dance in this intensive masterclass. We focus on masked dance movements and mythology for all levels.,Performing Arts
Djembe Drumming: Beginner to Pro. An immersive experience in Djembe Drumming. Perfect for those interested in African rhythms and hand techniques.,Performing Arts
Acoustic Guitar Experience. Unleash your creativity with Acoustic Guitar. A dedicated space for fingerpicking and open chord progressions.,Performing Arts
"The Art of Stand-up Comedy. Discover the secrets of Stand-up Comedy. This interactive workshop covers joke structure, setup, and delivery and more.",Performing Arts
"Salsa Dancing: Beginner to Pro. Discover the secrets of Salsa Dancing. This interactive workshop covers rhythm, footwork, and partner coordination and more.",Performing Arts
Traditional Vocal Training Class. Learn the art of Vocal Training. Join our expert-led session to master expanding range and breath control.,Performing Arts
Vocal Training Workshop. An immersive experience in Vocal Training. Perfect for those interested in expanding range and breath control.,Performing Arts
Vocal Training Workshop. Discover the secrets of Vocal Training. This interactive workshop covers expanding range and breath control and more.,Performing Arts
Sarangi Lessons: Beginner to Pro. Practical Sarangi Lessons workshop. Hands-on learning focused on vocal-like bowing on the traditional fiddle.,Performing Arts
"Introduction to Stand-up Comedy. Learn the art of Stand-up Comedy. Join our expert-led session to master joke structure, setup, and delivery.",Performing Arts
Djembe Drumming Workshop. An immersive experience in Djembe Drumming. Perfect for those interested in African rhythms and hand techniques.,Performing Arts
Introduction to Classic Theater. Practical Classic Theater workshop. Hands-on learning focused on improv techniques and stage presence.,Performing Arts
Introduction to Traditional Lakhey Dance. Unleash your creativity with Traditional Lakhey Dance. A dedicated space for masked dance movements and mythology.,Performing Arts
"Stand-up Comedy Workshop. Learn the art of Stand-up Comedy. Join our expert-led session to master joke structure, setup, and delivery.",Performing Arts
The Art of Madal Playing. Traditional Madal Playing session. Connect with the roots of mastering the heartbeat of Nepali folk music.,Performing Arts
The Art of Vocal Training. Unleash your creativity with Vocal Training. A dedicated space for expanding range and breath control.,Performing Arts
Acoustic Guitar: Beginner to Pro. Discover the secrets of Acoustic Guitar. This interactive workshop covers fingerpicking and open chord progressions and more.,Performing Arts
Traditional Vocal Training Class. An immersive experience in Vocal Training. Perfect for those interested in expanding range and breath control.,Performing Arts
Mastering Vocal Training. Learn the art of Vocal Training. Join our expert-led session to master expanding range and breath control.,Performing Arts
Mastering Madal Playing. Master Madal Playing in this intensive masterclass. We focus on mastering the heartbeat of Nepali folk music for all levels.,Performing Arts
Traditional Lakhey Dance Workshop. An immersive experience in Traditional Lakhey Dance. Perfect for those interested in masked dance movements and mythology.,Performing Arts
"Hip Hop Foundations Workshop. Traditional Hip Hop Foundations session. Connect with the roots of groove, bounce, and basic choreography.",Performing Arts
Vocal Training Workshop. Master Vocal Training in this intensive masterclass. We focus on expanding range and breath control for all levels.,Performing Arts
"Hip Hop Foundations Experience. Discover the secrets of Hip Hop Foundations. This interactive workshop covers groove, bounce, and basic choreography and more.",Performing Arts
"Traditional Hip Hop Foundations Class. Practical Hip Hop Foundations workshop. Hands-on learning focused on groove, bounce, and basic choreography.",Performing Arts
Introduction to Classic Theater. An immersive experience in Classic Theater. Perfect for those interested in improv techniques and stage presence.,Performing Arts
Introduction to Traditional Lakhey Dance. Discover the secrets of Traditional Lakhey Dance. This interactive workshop covers masked dance movements and mythology and more.,Performing Arts
Traditional Traditional Lakhey Dance Class. Traditional Traditional Lakhey Dance session. Connect with the roots of masked dance movements and mythology.,Performing Arts
Mastering Traditional Lakhey Dance. Discover the secrets of Traditional Lakhey Dance. This interactive workshop covers masked dance movements and mythology and more.,Performing Arts
Introduction to Sarangi Lessons. Discover the secrets of Sarangi Lessons. This interactive workshop covers vocal-like bowing on the traditional fiddle and more.,Performing Arts
"Stand-up Comedy Experience. Traditional Stand-up Comedy session. Connect with the roots of joke structure, setup, and delivery.",Performing Arts
Introduction to Acoustic Guitar. Unleash your creativity with Acoustic Guitar. A dedicated space for fingerpicking and open chord progressions.,Performing Arts
Mastering Acoustic Guitar. Unleash your creativity with Acoustic Guitar. A dedicated space for fingerpicking and open chord progressions.,Performing Arts
Mastering Djembe Drumming. Master Djembe Drumming in this intensive masterclass. We focus on African rhythms and hand techniques for all levels.,Performing Arts
Traditional Acoustic Guitar Class. Discover the secrets of Acoustic Guitar. This interactive workshop covers fingerpicking and open chord progressions and more.,Performing Arts
The Art of Madal Playing. Unleash your creativity with Madal Playing. A dedicated space for mastering the heartbeat of Nepali folk music.,Performing Arts
"Traditional Salsa Dancing Class. Traditional Salsa Dancing session. Connect with the roots of rhythm, footwork, and partner coordination.",Performing Arts
Mastering Acoustic Guitar. Learn the art of Acoustic Guitar. Join our expert-led session to master fingerpicking and open chord progressions.,Performing Arts
Vocal Training Experience. Unleash your creativity with Vocal Training. A dedicated space for expanding range and breath control.,Performing Arts
Traditional Vocal Training Class. Discover the secrets of Vocal Training. This interactive workshop covers expanding range and breath control and more.,Performing Arts
"Mastering Stand-up Comedy. Traditional Stand-up Comedy session. Connect with the roots of joke structure, setup, and delivery.",Performing Arts
Introduction to Classic Theater. Master Classic Theater in this intensive masterclass. We focus on improv techniques and stage presence for all levels.,Performing Arts
Introduction to Traditional Lakhey Dance. Learn the art of Traditional Lakhey Dance. Join our expert-led session to master masked dance movements and mythology.,Performing Arts
"Mastering Hip Hop Foundations. Master Hip Hop Foundations in this intensive masterclass. We focus on groove, bounce, and basic choreography for all levels.",Performing Arts
"Mastering Salsa Dancing. Practical Salsa Dancing workshop. Hands-on learning focused on rhythm, footwork, and partner coordination.",Performing Arts
Vocal Training: Beginner to Pro. Discover the secrets of Vocal Training. This interactive workshop covers expanding range and breath control and more.,Performing Arts
"Mastering Salsa Dancing. Unleash your creativity with Salsa Dancing. A dedicated space for rhythm, footwork, and partner coordination.",Performing Arts
The Art of Classic Theater. Unleash your creativity with Classic Theater. A dedicated space for improv techniques and stage presence.,Performing Arts
Djembe Drumming Experience. Practical Djembe Drumming workshop. Hands-on learning focused on African rhythms and hand techniques.,Performing Arts
"Mastering Salsa Dancing. Unleash your creativity with Salsa Dancing. A dedicated space for rhythm, footwork, and partner coordination.",Performing Arts
Mastering Sarangi Lessons. Unleash your creativity with Sarangi Lessons. A dedicated space for vocal-like bowing on the traditional fiddle.,Performing Arts
Acoustic Guitar Experience. Learn the art of Acoustic Guitar. Join our expert-led session to master fingerpicking and open chord progressions.,Performing Arts
Introduction to Djembe Drumming. Traditional Djembe Drumming session. Connect with the roots of African rhythms and hand techniques.,Performing Arts
"The Art of Salsa Dancing. Learn the art of Salsa Dancing. Join our expert-led session to master rhythm, footwork, and partner coordination.",Performing Arts
Classic Theater: Beginner to Pro. Practical Classic Theater workshop. Hands-on learning focused on improv techniques and stage presence.,Performing Arts
Introduction to Traditional Lakhey Dance. Learn the art of Traditional Lakhey Dance. Join our expert-led session to master masked dance movements and mythology.,Performing Arts
"Mastering Hip Hop Foundations. An immersive experience in Hip Hop Foundations. Perfect for those interested in groove, bounce, and basic choreography.",Performing Arts
Mastering Madal Playing. Master Madal Playing in this intensive masterclass. We focus on mastering the heartbeat of Nepali folk music for all levels.,Performing Arts
Traditional Lakhey Dance: Beginner to Pro. Unleash your creativity with Traditional Lakhey Dance. A dedicated space for masked dance movements and mythology.,Performing Arts
"Stand-up Comedy Workshop. Traditional Stand-up Comedy session. Connect with the roots of joke structure, setup, and delivery.",Performing Arts
"Hip Hop Foundations Experience. Master Hip Hop Foundations in this intensive masterclass. We focus on groove, bounce, and basic choreography for all levels.",Performing Arts
Introduction to Traditional Lakhey Dance. An immersive experience in Traditional Lakhey Dance. Perfect for those interested in masked dance movements and mythology.,Performing Arts
Mastering Vocal Training. Learn the art of Vocal Training. Join our expert-led session to master expanding range and breath control.,Performing Arts
"Introduction to Salsa Dancing. Unleash your creativity with Salsa Dancing. A dedicated space for rhythm, footwork, and partner coordination.",Performing Arts
Traditional Lakhey Dance: Beginner to Pro. Practical Traditional Lakhey Dance workshop. Hands-on learning focused on masked dance movements and mythology.,Performing Arts
"The Art of Stand-up Comedy. Traditional Stand-up Comedy session. Connect with the roots of joke structure, setup, and delivery.",Performing Arts
Djembe Drumming Workshop. Discover the secrets of Djembe Drumming. This interactive workshop covers African rhythms and hand techniques and more.,Performing Arts
Traditional Vocal Training Class. Traditional Vocal Training session. Connect with the roots of expanding range and breath control.,Performing Arts
Mastering Vocal Training. Master Vocal Training in this intensive masterclass. We focus on expanding range and breath control for all levels.,Performing Arts
"Traditional Salsa Dancing Class. An immersive experience in Salsa Dancing. Perfect for those interested in rhythm, footwork, and partner coordination.",Performing Arts
The Art of Madal Playing. Discover the secrets of Madal Playing. This interactive workshop covers mastering the heartbeat of Nepali folk music and more.,Performing Arts
"Hip Hop Foundations Experience. Discover the secrets of Hip Hop Foundations. This interactive workshop covers groove, bounce, and basic choreography and more.",Performing Arts
Mastering Classic Theater. Master Classic Theater in this intensive masterclass. We focus on improv techniques and stage presence for all levels.,Performing Arts
"Stand-up Comedy Workshop. Traditional Stand-up Comedy session. Connect with the roots of joke structure, setup, and delivery.",Performing Arts
"Traditional Salsa Dancing Class. Learn the art of Salsa Dancing. Join our expert-led session to master rhythm, footwork, and partner coordination.",Performing Arts
"The Art of Salsa Dancing. Traditional Salsa Dancing session. Connect with the roots of rhythm, footwork, and partner coordination.",Performing Arts
Djembe Drumming Experience. Unleash your creativity with Djembe Drumming. A dedicated space for African rhythms and hand techniques.,Performing Arts
Classic Theater Workshop. An immersive experience in Classic Theater. Perfect for those interested in improv techniques and stage presence.,Performing Arts
Djembe Drumming Workshop. Practical Djembe Drumming workshop. Hands-on learning focused on African rhythms and hand techniques.,Performing Arts
The Art of Acoustic Guitar. Practical Acoustic Guitar workshop. Hands-on learning focused on fingerpicking and open chord progressions.,Performing Arts
Classic Theater: Beginner to Pro. Traditional Classic Theater session. Connect with the roots of improv techniques and stage presence.,Performing Arts
Introduction to Classic Theater. Traditional Classic Theater session. Connect with the roots of improv techniques and stage presence.,Performing Arts
"Stand-up Comedy Workshop. Traditional Stand-up Comedy session. Connect with the roots of joke structure, setup, and delivery.",Performing Arts
Traditional Madal Playing Class. Traditional Madal Playing session. Connect with the roots of mastering the heartbeat of Nepali folk music.,Performing Arts
"Traditional Hip Hop Foundations Class. An immersive experience in Hip Hop Foundations. Perfect for those interested in groove, bounce, and basic choreography.",Performing Arts
Mastering Classic Theater. Master Classic Theater in this intensive masterclass. We focus on improv techniques and stage presence for all levels.,Performing Arts
Traditional Madal Playing Class. Discover the secrets of Madal Playing. This interactive workshop covers mastering the heartbeat of Nepali folk music and more.,Performing Arts
Traditional Vocal Training Class. Learn the art of Vocal Training. Join our expert-led session to master expanding range and breath control.,Performing Arts
"Stand-up Comedy Experience. Traditional Stand-up Comedy session. Connect with the roots of joke structure, setup, and delivery.",Performing Arts
The Art of Traditional Lakhey Dance. Master Traditional Lakhey Dance in this intensive masterclass. We focus on masked dance movements and mythology for all levels.,Performing Arts
Acoustic Guitar Workshop. Unleash your creativity with Acoustic Guitar. A dedicated space for fingerpicking and open chord progressions.,Performing Arts
"Introduction to Salsa Dancing. Discover the secrets of Salsa Dancing. This interactive workshop covers rhythm, footwork, and partner coordination and more.",Performing Arts
Introduction to Madal Playing. An immersive experience in Madal Playing. Perfect for those interested in mastering the heartbeat of Nepali folk music.,Performing Arts
Traditional Acoustic Guitar Class. Traditional Acoustic Guitar session. Connect with the roots of fingerpicking and open chord progressions.,Performing Arts
Traditional Traditional Lakhey Dance Class. Master Traditional Lakhey Dance in this intensive masterclass. We focus on masked dance movements and mythology for all levels.,Performing Arts
"Traditional Hip Hop Foundations Class. Unleash your creativity with Hip Hop Foundations. A dedicated space for groove, bounce, and basic choreography.",Performing Arts
Vocal Training: Beginner to Pro. Traditional Vocal Training session. Connect with the roots of expanding range and breath control.,Performing Arts
"Introduction to Stand-up Comedy. Unleash your creativity with Stand-up Comedy. A dedicated space for joke structure, setup, and delivery.",Performing Arts
Traditional Traditional Lakhey Dance Class. Practical Traditional Lakhey Dance workshop. Hands-on learning focused on masked dance movements and mythology.,Performing Arts
"Traditional Salsa Dancing Class. Discover the secrets of Salsa Dancing. This interactive workshop covers rhythm, footwork, and partner coordination and more.",Performing Arts
"Mastering Hip Hop Foundations. Master Hip Hop Foundations in this intensive masterclass. We focus on groove, bounce, and basic choreography for all levels.",Performing Arts
Traditional Lakhey Dance: Beginner to Pro. Traditional Traditional Lakhey Dance session. Connect with the roots of masked dance movements and mythology.,Performing Arts
Introduction to Acoustic Guitar. Unleash your creativity with Acoustic Guitar. A dedicated space for fingerpicking and open chord progressions.,Performing Arts
Traditional Madal Playing Class. Unleash your creativity with Madal Playing. A dedicated space for mastering the heartbeat of Nepali folk music.,Performing Arts
"Hip Hop Foundations Experience. Practical Hip Hop Foundations workshop. Hands-on learning focused on groove, bounce, and basic choreography.",Performing Arts
The Art of Madal Playing. Discover the secrets of Madal Playing. This interactive workshop covers mastering the heartbeat of Nepali folk music and more.,Performing Arts
The Art of Traditional Lakhey Dance. Learn the art of Traditional Lakhey Dance. Join our expert-led session to master masked dance movements and mythology.,Performing Arts
Traditional Lakhey Dance: Beginner to Pro. Discover the secrets of Traditional Lakhey Dance. This interactive workshop covers masked dance movements and mythology and more.,Performing Arts
"Salsa Dancing Workshop. An immersive experience in Salsa Dancing. Perfect for those interested in rhythm, footwork, and partner coordination.",Performing Arts
"Hip Hop Foundations Experience. Unleash your creativity with Hip Hop Foundations. A dedicated space for groove, bounce, and basic choreography.",Performing Arts
Mastering Traditional Lakhey Dance. Unleash your creativity with Traditional Lakhey Dance. A dedicated space for masked dance movements and mythology.,Performing Arts
"Hip Hop Foundations Workshop. Discover the secrets of Hip Hop Foundations. This interactive workshop covers groove, bounce, and basic choreography and more.",Performing Arts
Classic Theater Workshop. Learn the art of Classic Theater. Join our expert-led session to master improv techniques and stage presence.,Performing Arts
Traditional Djembe Drumming Class. An immersive experience in Djembe Drumming. Perfect for those interested in African rhythms and hand techniques.,Performing Arts
Traditional Acoustic Guitar Class. Unleash your creativity with Acoustic Guitar. A dedicated space for fingerpicking and open chord progressions.,Performing Arts
"Mastering Stand-up Comedy. Traditional Stand-up Comedy session. Connect with the roots of joke structure, setup, and delivery.",Performing Arts
Traditional Traditional Lakhey Dance Class. Traditional Traditional Lakhey Dance session. Connect with the roots of masked dance movements and mythology.,Performing Arts
"The Art of Hip Hop Foundations. Practical Hip Hop Foundations workshop. Hands-on learning focused on groove, bounce, and basic choreography.",Performing Arts
Acoustic Guitar: Beginner to Pro. Discover the secrets of Acoustic Guitar. This interactive workshop covers fingerpicking and open chord progressions and more.,Performing Arts
Traditional Vocal Training Class. Master Vocal Training in this intensive masterclass. We focus on expanding range and breath control for all levels.,Performing Arts
Djembe Drumming Experience. Practical Djembe Drumming workshop. Hands-on learning focused on African rhythms and hand techniques.,Performing Arts
"Introduction to Hip Hop Foundations. Unleash your creativity with Hip Hop Foundations. A dedicated space for groove, bounce, and basic choreography.",Performing Arts
"Stand-up Comedy Workshop. Discover the secrets of Stand-up Comedy. This interactive workshop covers joke structure, setup, and delivery and more.",Performing Arts
Madal Playing Workshop. Master Madal Playing in this intensive masterclass. We focus on mastering the heartbeat of Nepali folk music for all levels.,Performing Arts
"Stand-up Comedy: Beginner to Pro. Traditional Stand-up Comedy session. Connect with the roots of joke structure, setup, and delivery.",Performing Arts
"Hip Hop Foundations: Beginner to Pro. Practical Hip Hop Foundations workshop. Hands-on learning focused on groove, bounce, and basic choreography.",Performing Arts
Acoustic Guitar: Beginner to Pro. Traditional Acoustic Guitar session. Connect with the roots of fingerpicking and open chord progressions.,Performing Arts
Madal Playing Experience. Unleash your creativity with Madal Playing. A dedicated space for mastering the heartbeat of Nepali folk music.,Performing Arts
"Mastering Hip Hop Foundations. Unleash your creativity with Hip Hop Foundations. A dedicated space for groove, bounce, and basic choreography.",Performing Arts
Mastering Sarangi Lessons. Learn the art of Sarangi Lessons. Join our expert-led session to master vocal-like bowing on the traditional fiddle.,Performing Arts
The Art of Djembe Drumming. Discover the secrets of Djembe Drumming. This interactive workshop covers African rhythms and hand techniques and more.,Performing Arts
Traditional Acoustic Guitar Class. Unleash your creativity with Acoustic Guitar. A dedicated space for fingerpicking and open chord progressions.,Performing Arts
Mastering Djembe Drumming. Unleash your creativity with Djembe Drumming. A dedicated space for African rhythms and hand techniques.,Performing Arts
"The Art of Stand-up Comedy. Discover the secrets of Stand-up Comedy. This interactive workshop covers joke structure, setup, and delivery and more.",Performing Arts
Djembe Drumming Workshop. Practical Djembe Drumming workshop. Hands-on learning focused on African rhythms and hand techniques.,Performing Arts
Mastering Madal Playing. Practical Madal Playing workshop. Hands-on learning focused on mastering the heartbeat of Nepali folk music.,Performing Arts
"Salsa Dancing Workshop. An immersive experience in Salsa Dancing. Perfect for those interested in rhythm, footwork, and partner coordination.",Performing Arts
"Mastering Hip Hop Foundations. Discover the secrets of Hip Hop Foundations. This interactive workshop covers groove, bounce, and basic choreography and more.",Performing Arts
Acoustic Guitar Experience. Master Acoustic Guitar in this intensive masterclass. We focus on fingerpicking and open chord progressions for all levels.,Performing Arts
"Introduction to Salsa Dancing. Discover the secrets of Salsa Dancing. This interactive workshop covers rhythm, footwork, and partner coordination and more.",Performing Arts
Acoustic Guitar Workshop. Traditional Acoustic Guitar session. Connect with the roots of fingerpicking and open chord progressions.,Performing Arts
"Salsa Dancing: Beginner to Pro. An immersive experience in Salsa Dancing. Perfect for those interested in rhythm, footwork, and partner coordination.",Performing Arts
Mastering Sarangi Lessons. Discover the secrets of Sarangi Lessons. This interactive workshop covers vocal-like bowing on the traditional fiddle and more.,Performing Arts
Sarangi Lessons: Beginner to Pro. Traditional Sarangi Lessons session. Connect with the roots of vocal-like bowing on the traditional fiddle.,Performing Arts
Mastering Djembe Drumming. Practical Djembe Drumming workshop. Hands-on learning focused on African rhythms and hand techniques.,Performing Arts
"Salsa Dancing Experience. Unleash your creativity with Salsa Dancing. A dedicated space for rhythm, footwork, and partner coordination.",Performing Arts
"Traditional Salsa Dancing Class. Discover the secrets of Salsa Dancing. This interactive workshop covers rhythm, footwork, and partner coordination and more.",Performing Arts
Vocal Training Workshop. Traditional Vocal Training session. Connect with the roots of expanding range and breath control.,Performing Arts
Traditional Traditional Lakhey Dance Class. Practical Traditional Lakhey Dance workshop. Hands-on learning focused on masked dance movements and mythology.,Performing Arts
"Salsa Dancing Workshop. Practical Salsa Dancing workshop. Hands-on learning focused on rhythm, footwork, and partner coordination.",Performing Arts
Mastering Traditional Lakhey Dance. Master Traditional Lakhey Dance in this intensive masterclass. We focus on masked dance movements and mythology for all levels.,Performing Arts
Traditional Djembe Drumming Class. Unleash your creativity with Djembe Drumming. A dedicated space for African rhythms and hand techniques.,Performing Arts
"Stand-up Comedy: Beginner to Pro. Traditional Stand-up Comedy session. Connect with the roots of joke structure, setup, and delivery.",Performing Arts
Mastering Traditional Lakhey Dance. An immersive experience in Traditional Lakhey Dance. Perfect for those interested in masked dance movements and mythology.,Performing Arts
Djembe Drumming Workshop. Discover the secrets of Djembe Drumming. This interactive workshop covers African rhythms and hand techniques and more.,Performing Arts
The Art of Madal Playing. Master Madal Playing in this intensive masterclass. We focus on mastering the heartbeat of Nepali folk music for all levels.,Performing Arts
"Mastering Hip Hop Foundations. Master Hip Hop Foundations in this intensive masterclass. We focus on groove, bounce, and basic choreography for all levels.",Performing Arts
"Hip Hop Foundations Experience. Unleash your creativity with Hip Hop Foundations. A dedicated space for groove, bounce, and basic choreography.",Performing Arts
Traditional Classic Theater Class. Discover the secrets of Classic Theater. This interactive workshop covers improv techniques and stage presence and more.,Performing Arts
Traditional Lakhey Dance Workshop. Learn the art of Traditional Lakhey Dance. Join our expert-led session to master masked dance movements and mythology.,Performing Arts
"Mastering Stand-up Comedy. Traditional Stand-up Comedy session. Connect with the roots of joke structure, setup, and delivery.",Performing Arts
Traditional Traditional Lakhey Dance Class. Traditional Traditional Lakhey Dance session. Connect with the roots of masked dance movements and mythology.,Performing Arts
The Art of Djembe Drumming. Master Djembe Drumming in this intensive masterclass. We focus on African rhythms and hand techniques for all levels.,Performing Arts
"Introduction to Stand-up Comedy. An immersive experience in Stand-up Comedy. Perfect for those interested in joke structure, setup, and delivery.",Performing Arts
Djembe Drumming Experience. Practical Djembe Drumming workshop. Hands-on learning focused on African rhythms and hand techniques.,Performing Arts
Sarangi Lessons Workshop. Practical Sarangi Lessons workshop. Hands-on learning focused on vocal-like bowing on the traditional fiddle.,Performing Arts
Traditional Acoustic Guitar Class. An immersive experience in Acoustic Guitar. Perfect for those interested in fingerpicking and open chord progressions.,Performing Arts
Introduction to Djembe Drumming. Discover the secrets of Djembe Drumming. This interactive workshop covers African rhythms and hand techniques and more.,Performing Arts
Djembe Drumming Experience. Master Djembe Drumming in this intensive masterclass. We focus on African rhythms and hand techniques for all levels.,Performing Arts
Introduction to Vocal Training. An immersive experience in Vocal Training. Perfect for those interested in expanding range and breath control.,Performing Arts
"Traditional Salsa Dancing Class. Learn the art of Salsa Dancing. Join our expert-led session to master rhythm, footwork, and partner coordination.",Performing Arts
The Art of Traditional Lakhey Dance. Traditional Traditional Lakhey Dance session. Connect with the roots of masked dance movements and mythology.,Performing Arts
The Art of Djembe Drumming. Master Djembe Drumming in this intensive masterclass. We focus on African rhythms and hand techniques for all levels.,Performing Arts
Mastering Sarangi Lessons. Unleash your creativity with Sarangi Lessons. A dedicated space for vocal-like bowing on the traditional fiddle.,Performing Arts
"The Art of Hip Hop Foundations. Unleash your creativity with Hip Hop Foundations. A dedicated space for groove, bounce, and basic choreography.",Performing Arts
Introduction to Madal Playing. Traditional Madal Playing session. Connect with the roots of mastering the heartbeat of Nepali folk music.,Performing Arts
"The Art of Stand-up Comedy. An immersive experience in Stand-up Comedy. Perfect for those interested in joke structure, setup, and delivery.",Performing Arts
Sarangi Lessons Experience. Practical Sarangi Lessons workshop. Hands-on learning focused on vocal-like bowing on the traditional fiddle.,Performing Arts
"Stand-up Comedy Workshop. An immersive experience in Stand-up Comedy. Perfect for those interested in joke structure, setup, and delivery.",Performing Arts
Vocal Training Workshop. Unleash your creativity with Vocal Training. A dedicated space for expanding range and breath control.,Performing Arts
"Mastering Stand-up Comedy. Master Stand-up Comedy in this intensive masterclass. We focus on joke structure, setup, and delivery for all levels.",Performing Arts
Traditional Lakhey Dance Workshop. Master Traditional Lakhey Dance in this intensive masterclass. We focus on masked dance movements and mythology for all levels.,Performing Arts
Madal Playing: Beginner to Pro. Learn the art of Madal Playing. Join our expert-led session to master mastering the heartbeat of Nepali folk music.,Performing Arts
"Introduction to Salsa Dancing. Learn the art of Salsa Dancing. Join our expert-led session to master rhythm, footwork, and partner coordination.",Performing Arts
"The Art of Salsa Dancing. Learn the art of Salsa Dancing. Join our expert-led session to master rhythm, footwork, and partner coordination.",Performing Arts
Sarangi Lessons Workshop. Practical Sarangi Lessons workshop. Hands-on learning focused on vocal-like bowing on the traditional fiddle.,Performing Arts
Traditional Classic Theater Class. Unleash your creativity with Classic Theater. A dedicated space for improv techniques and stage presence.,Performing Arts
Madal Playing Experience. Master Madal Playing in this intensive masterclass. We focus on mastering the heartbeat of Nepali folk music for all levels.,Performing Arts
Introduction to Vocal Training. Unleash your creativity with Vocal Training. A dedicated space for expanding range and breath control.,Performing Arts
Mastering Djembe Drumming. Learn the art of Djembe Drumming. Join our expert-led session to master African rhythms and hand techniques.,Performing Arts
Mastering Vocal Training. Master Vocal Training in this intensive masterclass. We focus on expanding range and breath control for all levels.,Performing Arts
"The Art of Salsa Dancing. Traditional Salsa Dancing session. Connect with the roots of rhythm, footwork, and partner coordination.",Performing Arts
Acoustic Guitar: Beginner to Pro. Master Acoustic Guitar in this intensive masterclass. We focus on fingerpicking and open chord progressions for all levels.,Performing Arts
Introduction to Madal Playing. Practical Madal Playing workshop. Hands-on learning focused on mastering the heartbeat of Nepali folk music.,Performing Arts
"Introduction to Hip Hop Foundations. Practical Hip Hop Foundations workshop. Hands-on learning focused on groove, bounce, and basic choreography.",Performing Arts
"Hip Hop Foundations: Beginner to Pro. Unleash your creativity with Hip Hop Foundations. A dedicated space for groove, bounce, and basic choreography.",Performing Arts
Madal Playing Workshop. Discover the secrets of Madal Playing. This interactive workshop covers mastering the heartbeat of Nepali folk music and more.,Performing Arts
"Mastering Stand-up Comedy. Traditional Stand-up Comedy session. Connect with the roots of joke structure, setup, and delivery.",Performing Arts
Classic Theater Workshop. Practical Classic Theater workshop. Hands-on learning focused on improv techniques and stage presence.,Performing Arts
The Art of Traditional Lakhey Dance. Discover the secrets of Traditional Lakhey Dance. This interactive workshop covers masked dance movements and mythology and more.,Performing Arts
Madal Playing Workshop. Unleash your creativity with Madal Playing. A dedicated space for mastering the heartbeat of Nepali folk music.,Performing Arts
The Art of Madal Playing. An immersive experience in Madal Playing. Perfect for those interested in mastering the heartbeat of Nepali folk music.,Performing Arts
"Salsa Dancing Workshop. Traditional Salsa Dancing session. Connect with the roots of rhythm, footwork, and partner coordination.",Performing Arts
Madal Playing Workshop. Traditional Madal Playing session. Connect with the roots of mastering the heartbeat of Nepali folk music.,Performing Arts
Introduction to Madal Playing. Learn the art of Madal Playing. Join our expert-led session to master mastering the heartbeat of Nepali folk music.,Performing Arts
"Hip Hop Foundations: Beginner to Pro. Discover the secrets of Hip Hop Foundations. This interactive workshop covers groove, bounce, and basic choreography and more.",Performing Arts
Introduction to Traditional Lakhey Dance. Traditional Traditional Lakhey Dance session. Connect with the roots of masked dance movements and mythology.,Performing Arts
"Mastering Hip Hop Foundations. Learn the art of Hip Hop Foundations. Join our expert-led session to master groove, bounce, and basic choreography.",Performing Arts
Introduction to Djembe Drumming. Master Djembe Drumming in this intensive masterclass. We focus on African rhythms and hand techniques for all levels.,Performing Arts
Traditional Acoustic Guitar Class. Practical Acoustic Guitar workshop. Hands-on learning focused on fingerpicking and open chord progressions.,Performing Arts
"Traditional Stand-up Comedy Class. Practical Stand-up Comedy workshop. Hands-on learning focused on joke structure, setup, and delivery.",Performing Arts
Sarangi Lessons Experience. Discover the secrets of Sarangi Lessons. This interactive workshop covers vocal-like bowing on the traditional fiddle and more.,Performing Arts
Traditional Lakhey Dance Workshop. An immersive experience in Traditional Lakhey Dance. Perfect for those interested in masked dance movements and mythology.,Performing Arts
Madal Playing Experience. Traditional Madal Playing session. Connect with the roots of mastering the heartbeat of Nepali folk music.,Performing Arts
The Art of Traditional Lakhey Dance. Practical Traditional Lakhey Dance workshop. Hands-on learning focused on masked dance movements and mythology.,Performing Arts
Mastering Sarangi Lessons. Learn the art of Sarangi Lessons. Join our expert-led session to master vocal-like bowing on the traditional fiddle.,Performing Arts
The Art of Classic Theater. Master Classic Theater in this intensive masterclass. We focus on improv techniques and stage presence for all levels.,Performing Arts
Djembe Drumming Workshop. Discover the secrets of Djembe Drumming. This interactive workshop covers African rhythms and hand techniques and more.,Performing Arts
Vocal Training Experience. An immersive experience in Vocal Training. Perfect for those interested in expanding range and breath control.,Performing Arts
The Art of Sarangi Lessons. Practical Sarangi Lessons workshop. Hands-on learning focused on vocal-like bowing on the traditional fiddle.,Performing Arts
Vocal Training Experience. Traditional Vocal Training session. Connect with the roots of expanding range and breath control.,Performing Arts
"Mastering Salsa Dancing. Master Salsa Dancing in this intensive masterclass. We focus on rhythm, footwork, and partner coordination for all levels.",Performing Arts
Introduction to Vocal Training. Master Vocal Training in this intensive masterclass. We focus on expanding range and breath control for all levels.,Performing Arts
"Stand-up Comedy Workshop. Learn the art of Stand-up Comedy. Join our expert-led session to master joke structure, setup, and delivery.",Performing Arts
"Salsa Dancing Experience. Practical Salsa Dancing workshop. Hands-on learning focused on rhythm, footwork, and partner coordination.",Performing Arts
Mastering Sarangi Lessons. Learn the art of Sarangi Lessons. Join our expert-led session to master vocal-like bowing on the traditional fiddle.,Performing Arts
Introduction to Madal Playing. An immersive experience in Madal Playing. Perfect for those interested in mastering the heartbeat of Nepali folk music.,Performing Arts
Introduction to Djembe Drumming. Learn the art of Djembe Drumming. Join our expert-led session to master African rhythms and hand techniques.,Performing Arts
Madal Playing Workshop. Learn the art of Madal Playing. Join our expert-led session to master mastering the heartbeat of Nepali folk music.,Performing Arts
The Art of Acoustic Guitar. Discover the secrets of Acoustic Guitar. This interactive workshop covers fingerpicking and open chord progressions and more.,Performing Arts
Acoustic Guitar Workshop. Traditional Acoustic Guitar session. Connect with the roots of fingerpicking and open chord progressions.,Performing Arts
Sarangi Lessons: Beginner to Pro. Discover the secrets of Sarangi Lessons. This interactive workshop covers vocal-like bowing on the traditional fiddle and more.,Performing Arts
Mastering Vocal Training. Discover the secrets of Vocal Training. This interactive workshop covers expanding range and breath control and more.,Performing Arts
"Hip Hop Foundations Workshop. Practical Hip Hop Foundations workshop. Hands-on learning focused on groove, bounce, and basic choreography.",Performing Arts
The Art of Classic Theater. Discover the secrets of Classic Theater. This interactive workshop covers improv techniques and stage presence and more.,Performing Arts
Mastering Sarangi Lessons. Practical Sarangi Lessons workshop. Hands-on learning focused on vocal-like bowing on the traditional fiddle.,Performing Arts
Introduction to Traditional Lakhey Dance. An immersive experience in Traditional Lakhey Dance. Perfect for those interested in masked dance movements and mythology.,Performing Arts
Introduction to Djembe Drumming. Unleash your creativity with Djembe Drumming. A dedicated space for African rhythms and hand techniques.,Performing Arts
Traditional Vocal Training Class. Unleash your creativity with Vocal Training. A dedicated space for expanding range and breath control.,Performing Arts
Djembe Drumming: Beginner to Pro. An immersive experience in Djembe Drumming. Perfect for those interested in African rhythms and hand techniques.,Performing Arts
Acoustic Guitar: Beginner to Pro. Discover the secrets of Acoustic Guitar. This interactive workshop covers fingerpicking and open chord progressions and more.,Performing Arts
Classic Theater Workshop. Traditional Classic Theater session. Connect with the roots of improv techniques and stage presence.,Performing Arts
"Introduction to Stand-up Comedy. An immersive experience in Stand-up Comedy. Perfect for those interested in joke structure, setup, and delivery.",Performing Arts
Djembe Drumming Experience. An immersive experience in Djembe Drumming. Perfect for those interested in African rhythms and hand techniques.,Performing Arts
"Salsa Dancing Workshop. Unleash your creativity with Salsa Dancing. A dedicated space for rhythm, footwork, and partner coordination.",Performing Arts
Madal Playing: Beginner to Pro. Traditional Madal Playing session. Connect with the roots of mastering the heartbeat of Nepali folk music.,Performing Arts
The Art of Sarangi Lessons. Practical Sarangi Lessons workshop. Hands-on learning focused on vocal-like bowing on the traditional fiddle.,Performing Arts
Introduction to Sarangi Lessons. Discover the secrets of Sarangi Lessons. This interactive workshop covers vocal-like bowing on the traditional fiddle and more.,Performing Arts
"Mastering Hip Hop Foundations. Practical Hip Hop Foundations workshop. Hands-on learning focused on groove, bounce, and basic choreography.",Performing Arts
Introduction to Traditional Lakhey Dance. Unleash your creativity with Traditional Lakhey Dance. A dedicated space for masked dance movements and mythology.,Performing Arts
Acoustic Guitar Experience. Traditional Acoustic Guitar session. Connect with the roots of fingerpicking and open chord progressions.,Performing Arts
Mastering Traditional Lakhey Dance. Unleash your creativity with Traditional Lakhey Dance. A dedicated space for masked dance movements and mythology.,Performing Arts
"Salsa Dancing: Beginner to Pro. Traditional Salsa Dancing session. Connect with the roots of rhythm, footwork, and partner coordination.",Performing Arts
Traditional Sarangi Lessons Class. An immersive experience in Sarangi Lessons. Perfect for those interested in vocal-like bowing on the traditional fiddle.,Performing Arts
Mastering Acoustic Guitar. Unleash your creativity with Acoustic Guitar. A dedicated space for fingerpicking and open chord progressions.,Performing Arts
"Salsa Dancing Experience. Learn the art of Salsa Dancing. Join our expert-led session to master rhythm, footwork, and partner coordination.",Performing Arts
The Art of Traditional Lakhey Dance. Unleash your creativity with Traditional Lakhey Dance. A dedicated space for masked dance movements and mythology.,Performing Arts
"Introduction to Hip Hop Foundations. Learn the art of Hip Hop Foundations. Join our expert-led session to master groove, bounce, and basic choreography.",Performing Arts
"Hip Hop Foundations Workshop. An immersive experience in Hip Hop Foundations. Perfect for those interested in groove, bounce, and basic choreography.",Performing Arts
The Art of Madal Playing. Unleash your creativity with Madal Playing. A dedicated space for mastering the heartbeat of Nepali folk music.,Performing Arts
"Introduction to Stand-up Comedy. Learn the art of Stand-up Comedy. Join our expert-led session to master joke structure, setup, and delivery.",Performing Arts
Traditional Lakhey Dance Experience. An immersive experience in Traditional Lakhey Dance. Perfect for those interested in masked dance movements and mythology.,Performing Arts
Traditional Djembe Drumming Class. An immersive experience in Djembe Drumming. Perfect for those interested in African rhythms and hand techniques.,Performing Arts
The Art of Traditional Lakhey Dance. Master Traditional Lakhey Dance in this intensive masterclass. We focus on masked dance movements and mythology for all levels.,Performing Arts
Vocal Training Workshop. Discover the secrets of Vocal Training. This interactive workshop covers expanding range and breath control and more.,Performing Arts
"Stand-up Comedy: Beginner to Pro. Practical Stand-up Comedy workshop. Hands-on learning focused on joke structure, setup, and delivery.",Performing Arts
Traditional Madal Playing Class. Unleash your creativity with Madal Playing. A dedicated space for mastering the heartbeat of Nepali folk music.,Performing Arts
Traditional Sarangi Lessons Class. Unleash your creativity with Sarangi Lessons. A dedicated space for vocal-like bowing on the traditional fiddle.,Performing Arts
Traditional Acoustic Guitar Class. Traditional Acoustic Guitar session. Connect with the roots of fingerpicking and open chord progressions.,Performing Arts
Classic Theater Workshop. Practical Classic Theater workshop. Hands-on learning focused on improv techniques and stage presence.,Performing Arts
Mastering Djembe Drumming. Traditional Djembe Drumming session. Connect with the roots of African rhythms and hand techniques.,Performing Arts
Mastering Acoustic Guitar. An immersive experience in Acoustic Guitar. Perfect for those interested in fingerpicking and open chord progressions.,Performing Arts
Traditional Djembe Drumming Class. Master Djembe Drumming in this intensive masterclass. We focus on African rhythms and hand techniques for all levels.,Performing Arts
The Art of Djembe Drumming. An immersive experience in Djembe Drumming. Perfect for those interested in African rhythms and hand techniques.,Performing Arts
"Traditional Stand-up Comedy Class. Unleash your creativity with Stand-up Comedy. A dedicated space for joke structure, setup, and delivery.",Performing Arts
"Traditional Stand-up Comedy Class. Master Stand-up Comedy in this intensive masterclass. We focus on joke structure, setup, and delivery for all levels.",Performing Arts
Introduction to Traditional Lakhey Dance. Unleash your creativity with Traditional Lakhey Dance. A dedicated space for masked dance movements and mythology.,Performing Arts
"Hip Hop Foundations Experience. Discover the secrets of Hip Hop Foundations. This interactive workshop covers groove, bounce, and basic choreography and more.",Performing Arts
The Art of Madal Playing. Discover the secrets of Madal Playing. This interactive workshop covers mastering the heartbeat of Nepali folk music and more.,Performing Arts
Madal Playing: Beginner to Pro. Master Madal Playing in this intensive masterclass. We focus on mastering the heartbeat of Nepali folk music for all levels.,Performing Arts
Mastering Traditional Lakhey Dance. An immersive experience in Traditional Lakhey Dance. Perfect for those interested in masked dance movements and mythology.,Performing Arts
Traditional Djembe Drumming Class. Discover the secrets of Djembe Drumming. This interactive workshop covers African rhythms and hand techniques and more.,Performing Arts
Acoustic Guitar Workshop. Unleash your creativity with Acoustic Guitar. A dedicated space for fingerpicking and open chord progressions.,Performing Arts
Classic Theater: Beginner to Pro. Master Classic Theater in this intensive masterclass. We focus on improv techniques and stage presence for all levels.,Performing Arts
Mastering Sarangi Lessons. Unleash your creativity with Sarangi Lessons. A dedicated space for vocal-like bowing on the traditional fiddle.,Performing Arts
"Salsa Dancing Workshop. Learn the art of Salsa Dancing. Join our expert-led session to master rhythm, footwork, and partner coordination.",Performing Arts
Traditional Vocal Training Class. Master Vocal Training in this intensive masterclass. We focus on expanding range and breath control for all levels.,Performing Arts
Traditional Classic Theater Class. Traditional Classic Theater session. Connect with the roots of improv techniques and stage presence.,Performing Arts
Traditional Sarangi Lessons Class. Learn the art of Sarangi Lessons. Join our expert-led session to master vocal-like bowing on the traditional fiddle.,Performing Arts
Traditional Madal Playing Class. Discover the secrets of Madal Playing. This interactive workshop covers mastering the heartbeat of Nepali folk music and more.,Performing Arts
Acoustic Guitar: Beginner to Pro. An immersive experience in Acoustic Guitar. Perfect for those interested in fingerpicking and open chord progressions.,Performing Arts
"Traditional Hip Hop Foundations Class. Master Hip Hop Foundations in this intensive masterclass. We focus on groove, bounce, and basic choreography for all levels.",Performing Arts
"Stand-up Comedy Workshop. Unleash your creativity with Stand-up Comedy. A dedicated space for joke structure, setup, and delivery.",Performing Arts
Introduction to Vocal Training. Unleash your creativity with Vocal Training. A dedicated space for expanding range and breath control.,Performing Arts
"Hip Hop Foundations Workshop. An immersive experience in Hip Hop Foundations. Perfect for those interested in groove, bounce, and basic choreography.",Performing Arts
Djembe Drumming Experience. Practical Djembe Drumming workshop. Hands-on learning focused on African rhythms and hand techniques.,Performing Arts
Acoustic Guitar Experience. Discover the secrets of Acoustic Guitar. This interactive workshop covers fingerpicking and open chord progressions and more.,Performing Arts
